trial,node_line,node,filename,module_name,module_params,execution_time,retrieval_f1,retrieval_recall,retrieval_precision,is_best,top_k,embedding_model,target_modules,rrf_k,weight,weights,retrieval_mrr,retrieval_map,retrieval_ndcg,return_metadata,family
10,retrieve_node_line,retrieval,0.parquet,VectorDB,"{'top_k': 20, 'embedding_model': 'huggingface_all_mpnet_base_v2', 'return_metadata': 'content'}",0.1516209443410237,0.0634920634920634,0.6666666666666666,0.0333333333333333,False,20,huggingface_all_mpnet_base_v2,,,,,0.3333333333333333,0.3333333333333333,0.420619835714305,content,F1
10,retrieve_node_line,retrieval,1.parquet,VectorDB,"{'top_k': 20, 'embedding_model': 'huggingface_all_mpnet_base_v2', 'return_metadata': 'timestamp'}",0.3121366500854492,0.0634920634920634,0.6666666666666666,0.0333333333333333,False,20,huggingface_all_mpnet_base_v2,,,,,0.3333333333333333,0.3333333333333333,0.420619835714305,timestamp,F1
10,retrieve_node_line,retrieval,2.parquet,VectorDB,"{'top_k': 20, 'embedding_model': 'huggingface_all_mpnet_base_v2', 'return_metadata': 'source'}",0.2909739017486572,0.0634920634920634,0.6666666666666666,0.0333333333333333,False,20,huggingface_all_mpnet_base_v2,,,,,0.3333333333333333,0.3333333333333333,0.420619835714305,source,F1
10,retrieve_node_line,retrieval,3.parquet,VectorDB,"{'top_k': 20, 'embedding_model': 'upstage_embed', 'return_metadata': 'content'}",0.2787988980611165,0.0634920634920634,0.6666666666666666,0.0333333333333333,False,20,upstage_embed,,,,,0.3333333333333333,0.3333333333333333,0.420619835714305,content,F1
10,retrieve_node_line,retrieval,4.parquet,VectorDB,"{'top_k': 20, 'embedding_model': 'upstage_embed', 'return_metadata': 'timestamp'}",0.280833085378011,0.0634920634920634,0.6666666666666666,0.0333333333333333,False,20,upstage_embed,,,,,0.3333333333333333,0.3333333333333333,0.420619835714305,timestamp,F1
10,retrieve_node_line,retrieval,5.parquet,VectorDB,"{'top_k': 20, 'embedding_model': 'upstage_embed', 'return_metadata': 'source'}",0.3335355122884114,0.0634920634920634,0.6666666666666666,0.0333333333333333,False,20,upstage_embed,,,,,0.3333333333333333,0.3333333333333333,0.420619835714305,source,F1
10,retrieve_node_line,retrieval,6.parquet,VectorDB,"{'top_k': 20, 'embedding_model': 'cohere_embed', 'return_metadata': 'content'}",0.297641118367513,0.0634920634920634,0.6666666666666666,0.0333333333333333,False,20,cohere_embed,,,,,0.3333333333333333,0.3333333333333333,0.420619835714305,content,F1
10,retrieve_node_line,retrieval,7.parquet,VectorDB,"{'top_k': 20, 'embedding_model': 'cohere_embed', 'return_metadata': 'timestamp'}",0.2975913683573405,0.0634920634920634,0.6666666666666666,0.0333333333333333,False,20,cohere_embed,,,,,0.3333333333333333,0.3333333333333333,0.420619835714305,timestamp,F1
10,retrieve_node_line,retrieval,8.parquet,VectorDB,"{'top_k': 20, 'embedding_model': 'cohere_embed', 'return_metadata': 'source'}",0.314099629720052,0.0634920634920634,0.6666666666666666,0.0333333333333333,False,20,cohere_embed,,,,,0.3333333333333333,0.3333333333333333,0.420619835714305,source,F1
10,retrieve_node_line,retrieval,9.parquet,VectorDB,"{'top_k': 20, 'embedding_model': 'huggingface_bge_m3', 'return_metadata': 'content'}",0.2962996164957682,0.0634920634920634,0.6666666666666666,0.0333333333333333,False,20,huggingface_bge_m3,,,,,0.3333333333333333,0.3333333333333333,0.420619835714305,content,F1
10,retrieve_node_line,retrieval,10.parquet,VectorDB,"{'top_k': 20, 'embedding_model': 'huggingface_bge_m3', 'return_metadata': 'timestamp'}",0.292078177134196,0.0634920634920634,0.6666666666666666,0.0333333333333333,False,20,huggingface_bge_m3,,,,,0.3333333333333333,0.3333333333333333,0.420619835714305,timestamp,F1
10,retrieve_node_line,retrieval,11.parquet,VectorDB,"{'top_k': 20, 'embedding_model': 'huggingface_bge_m3', 'return_metadata': 'source'}",0.2879708607991536,0.0634920634920634,0.6666666666666666,0.0333333333333333,False,20,huggingface_bge_m3,,,,,0.3333333333333333,0.3333333333333333,0.420619835714305,source,F1
10,retrieve_node_line,retrieval,12.parquet,VectorDB,"{'top_k': 20, 'embedding_model': 'huggingface_cointegrated_rubert_tiny2', 'return_metadata': 'content'}",0.2796364625295003,0.0634920634920634,0.6666666666666666,0.0333333333333333,False,20,huggingface_cointegrated_rubert_tiny2,,,,,0.3333333333333333,0.3333333333333333,0.420619835714305,content,F1
10,retrieve_node_line,retrieval,13.parquet,VectorDB,"{'top_k': 20, 'embedding_model': 'huggingface_cointegrated_rubert_tiny2', 'return_metadata': 'timestamp'}",0.3748708566029866,0.0634920634920634,0.6666666666666666,0.0333333333333333,False,20,huggingface_cointegrated_rubert_tiny2,,,,,0.3333333333333333,0.3333333333333333,0.420619835714305,timestamp,F1
10,retrieve_node_line,retrieval,14.parquet,VectorDB,"{'top_k': 20, 'embedding_model': 'huggingface_cointegrated_rubert_tiny2', 'return_metadata': 'source'}",0.2793393929799397,0.0634920634920634,0.6666666666666666,0.0333333333333333,False,20,huggingface_cointegrated_rubert_tiny2,,,,,0.3333333333333333,0.3333333333333333,0.420619835714305,source,F1
10,retrieve_node_line,retrieval,15.parquet,VectorDB,"{'top_k': 20, 'embedding_model': 'huggingface_baai_bge_small', 'return_metadata': 'content'}",0.2580595016479492,0.0634920634920634,0.6666666666666666,0.0333333333333333,False,20,huggingface_baai_bge_small,,,,,0.3333333333333333,0.3333333333333333,0.420619835714305,content,F1
10,retrieve_node_line,retrieval,16.parquet,VectorDB,"{'top_k': 20, 'embedding_model': 'huggingface_baai_bge_small', 'return_metadata': 'timestamp'}",0.2856086095174153,0.0634920634920634,0.6666666666666666,0.0333333333333333,False,20,huggingface_baai_bge_small,,,,,0.3333333333333333,0.3333333333333333,0.420619835714305,timestamp,F1
10,retrieve_node_line,retrieval,17.parquet,VectorDB,"{'top_k': 20, 'embedding_model': 'huggingface_baai_bge_small', 'return_metadata': 'source'}",0.2822314103444417,0.0634920634920634,0.6666666666666666,0.0333333333333333,False,20,huggingface_baai_bge_small,,,,,0.3333333333333333,0.3333333333333333,0.420619835714305,source,F1
10,retrieve_node_line,retrieval,18.parquet,VectorDB,"{'top_k': 20, 'embedding_model': {'type': 'huggingface', 'model_name': 'colbert-ir/colbertv2.0'}, 'return_metadata': 'content'}",0.3126318454742431,0.0634920634920634,0.6666666666666666,0.0333333333333333,False,20,"{'type': 'huggingface', 'model_name': 'colbert-ir/colbertv2.0'}",,,,,0.3333333333333333,0.3333333333333333,0.420619835714305,content,F1
10,retrieve_node_line,retrieval,19.parquet,VectorDB,"{'top_k': 20, 'embedding_model': {'type': 'huggingface', 'model_name': 'colbert-ir/colbertv2.0'}, 'return_metadata': 'timestamp'}",0.2444778283437093,0.0634920634920634,0.6666666666666666,0.0333333333333333,False,20,"{'type': 'huggingface', 'model_name': 'colbert-ir/colbertv2.0'}",,,,,0.3333333333333333,0.3333333333333333,0.420619835714305,timestamp,F1
10,retrieve_node_line,retrieval,20.parquet,VectorDB,"{'top_k': 20, 'embedding_model': {'type': 'huggingface', 'model_name': 'colbert-ir/colbertv2.0'}, 'return_metadata': 'source'}",0.3244741757710774,0.0634920634920634,0.6666666666666666,0.0333333333333333,False,20,"{'type': 'huggingface', 'model_name': 'colbert-ir/colbertv2.0'}",,,,,0.3333333333333333,0.3333333333333333,0.420619835714305,source,F1
10,retrieve_node_line,retrieval,21.parquet,VectorDB,"{'top_k': 20, 'embedding_model': {'type': 'huggingface', 'model_name': 'intfloat/e5-large-v2'}, 'return_metadata': 'content'}",0.2892599105834961,0.0634920634920634,0.6666666666666666,0.0333333333333333,False,20,"{'type': 'huggingface', 'model_name': 'intfloat/e5-large-v2'}",,,,,0.3333333333333333,0.3333333333333333,0.420619835714305,content,F1
10,retrieve_node_line,retrieval,22.parquet,VectorDB,"{'top_k': 20, 'embedding_model': {'type': 'huggingface', 'model_name': 'intfloat/e5-large-v2'}, 'return_metadata': 'timestamp'}",0.2633816401163737,0.0634920634920634,0.6666666666666666,0.0333333333333333,False,20,"{'type': 'huggingface', 'model_name': 'intfloat/e5-large-v2'}",,,,,0.3333333333333333,0.3333333333333333,0.420619835714305,timestamp,F1
10,retrieve_node_line,retrieval,23.parquet,VectorDB,"{'top_k': 20, 'embedding_model': {'type': 'huggingface', 'model_name': 'intfloat/e5-large-v2'}, 'return_metadata': 'source'}",0.3126848538716634,0.0634920634920634,0.6666666666666666,0.0333333333333333,False,20,"{'type': 'huggingface', 'model_name': 'intfloat/e5-large-v2'}",,,,,0.3333333333333333,0.3333333333333333,0.420619835714305,source,F1
10,retrieve_node_line,retrieval,24.parquet,VectorDB,"{'top_k': 20, 'embedding_model': {'type': 'huggingface', 'model_name': 'Salesforce/SFR-Embedding-2_R'}, 'return_metadata': 'content'}",0.2461773554484049,0.0634920634920634,0.6666666666666666,0.0333333333333333,False,20,"{'type': 'huggingface', 'model_name': 'Salesforce/SFR-Embedding-2_R'}",,,,,0.3333333333333333,0.3333333333333333,0.420619835714305,content,F1
10,retrieve_node_line,retrieval,25.parquet,VectorDB,"{'top_k': 20, 'embedding_model': {'type': 'huggingface', 'model_name': 'Salesforce/SFR-Embedding-2_R'}, 'return_metadata': 'timestamp'}",0.4752589861551921,0.0634920634920634,0.6666666666666666,0.0333333333333333,False,20,"{'type': 'huggingface', 'model_name': 'Salesforce/SFR-Embedding-2_R'}",,,,,0.3333333333333333,0.3333333333333333,0.420619835714305,timestamp,F1
10,retrieve_node_line,retrieval,26.parquet,VectorDB,"{'top_k': 20, 'embedding_model': {'type': 'huggingface', 'model_name': 'Salesforce/SFR-Embedding-2_R'}, 'return_metadata': 'source'}",0.337060530980428,0.0634920634920634,0.6666666666666666,0.0333333333333333,False,20,"{'type': 'huggingface', 'model_name': 'Salesforce/SFR-Embedding-2_R'}",,,,,0.3333333333333333,0.3333333333333333,0.420619835714305,source,F1
10,retrieve_node_line,retrieval,27.parquet,VectorDB,"{'top_k': 20, 'embedding_model': {'type': 'huggingface', 'model_name': 'Alibaba-NLP/gte-Qwen2-7B-instruct'}, 'return_metadata': 'content'}",0.3737316926320393,0.0634920634920634,0.6666666666666666,0.0333333333333333,False,20,"{'type': 'huggingface', 'model_name': 'Alibaba-NLP/gte-Qwen2-7B-instruct'}",,,,,0.3333333333333333,0.3333333333333333,0.420619835714305,content,F1
10,retrieve_node_line,retrieval,28.parquet,VectorDB,"{'top_k': 20, 'embedding_model': {'type': 'huggingface', 'model_name': 'Alibaba-NLP/gte-Qwen2-7B-instruct'}, 'return_metadata': 'timestamp'}",0.2735191186269124,0.0634920634920634,0.6666666666666666,0.0333333333333333,False,20,"{'type': 'huggingface', 'model_name': 'Alibaba-NLP/gte-Qwen2-7B-instruct'}",,,,,0.3333333333333333,0.3333333333333333,0.420619835714305,timestamp,F1
10,retrieve_node_line,retrieval,29.parquet,VectorDB,"{'top_k': 20, 'embedding_model': {'type': 'huggingface', 'model_name': 'Alibaba-NLP/gte-Qwen2-7B-instruct'}, 'return_metadata': 'source'}",0.2627656459808349,0.0634920634920634,0.6666666666666666,0.0333333333333333,False,20,"{'type': 'huggingface', 'model_name': 'Alibaba-NLP/gte-Qwen2-7B-instruct'}",,,,,0.3333333333333333,0.3333333333333333,0.420619835714305,source,F1
10,retrieve_node_line,retrieval,30.parquet,BM25,{'top_k': 20},0.0836968421936035,0.0634920634920634,0.6666666666666666,0.0333333333333333,False,20,,,,,,0.5,0.5,0.5436432511904858,,F1
10,retrieve_node_line,retrieval,31.parquet,HybridRRF,"{'top_k': 20, 'target_modules': ('VectorDB', 'BM25'), 'rrf_k': 10, 'weight': 4.0, 'target_module_params': ({'top_k': 20, 'embedding_model': 'huggingface_all_mpnet_base_v2', 'return_metadata': 'content'}, {'top_k': 20})}",0.2353177865346273,0.0634920634920634,0.6666666666666666,0.0333333333333333,False,20,huggingface_all_mpnet_base_v2,"('VectorDB', 'BM25')",10.0,4.0,,0.5,0.5,0.5436432511904858,,F1
10,retrieve_node_line,retrieval,32.parquet,HybridRRF,"{'top_k': 20, 'target_modules': ('VectorDB', 'BM25'), 'rrf_k': 3, 'weight': 4.0, 'target_module_params': ({'top_k': 20, 'embedding_model': 'huggingface_all_mpnet_base_v2', 'return_metadata': 'content'}, {'top_k': 20})}",0.2353177865346273,0.0634920634920634,0.6666666666666666,0.0333333333333333,False,20,huggingface_all_mpnet_base_v2,"('VectorDB', 'BM25')",3.0,4.0,,0.5,0.5,0.5436432511904858,,F1
10,retrieve_node_line,retrieval,33.parquet,HybridRRF,"{'top_k': 20, 'target_modules': ('VectorDB', 'BM25'), 'rrf_k': 5, 'weight': 4.0, 'target_module_params': ({'top_k': 20, 'embedding_model': 'huggingface_all_mpnet_base_v2', 'return_metadata': 'content'}, {'top_k': 20})}",0.2353177865346273,0.0634920634920634,0.6666666666666666,0.0333333333333333,False,20,huggingface_all_mpnet_base_v2,"('VectorDB', 'BM25')",5.0,4.0,,0.5,0.5,0.5436432511904858,,F1
10,retrieve_node_line,retrieval,34.parquet,HybridCC,"{'top_k': 20, 'target_modules': ('VectorDB', 'BM25'), 'weights': (0.5, 0.5), 'weight': 0.08, 'target_module_params': ({'top_k': 20, 'embedding_model': 'huggingface_all_mpnet_base_v2', 'return_metadata': 'content'}, {'top_k': 20})}",0.2353177865346273,0.0634920634920634,0.6666666666666666,0.0333333333333333,True,20,huggingface_all_mpnet_base_v2,"('VectorDB', 'BM25')",,0.08,"(0.5, 0.5)",0.6666666666666666,0.6666666666666666,0.6666666666666666,,F1
10,retrieve_node_line,retrieval,35.parquet,HybridCC,"{'top_k': 20, 'target_modules': ('VectorDB', 'BM25'), 'weights': (0.7, 0.3), 'weight': 0.08, 'target_module_params': ({'top_k': 20, 'embedding_model': 'huggingface_all_mpnet_base_v2', 'return_metadata': 'content'}, {'top_k': 20})}",0.2353177865346273,0.0634920634920634,0.6666666666666666,0.0333333333333333,False,20,huggingface_all_mpnet_base_v2,"('VectorDB', 'BM25')",,0.08,"(0.7, 0.3)",0.6666666666666666,0.6666666666666666,0.6666666666666666,,F1
10,retrieve_node_line,retrieval,36.parquet,HybridCC,"{'top_k': 20, 'target_modules': ('VectorDB', 'BM25'), 'weights': (0.3, 0.7), 'weight': 0.08, 'target_module_params': ({'top_k': 20, 'embedding_model': 'huggingface_all_mpnet_base_v2', 'return_metadata': 'content'}, {'top_k': 20})}",0.2353177865346273,0.0634920634920634,0.6666666666666666,0.0333333333333333,False,20,huggingface_all_mpnet_base_v2,"('VectorDB', 'BM25')",,0.08,"(0.3, 0.7)",0.6666666666666666,0.6666666666666666,0.6666666666666666,,F1
11,retrieve_node_line,retrieval,0.parquet,VectorDB,"{'top_k': 20, 'embedding_model': 'huggingface_all_mpnet_base_v2', 'return_metadata': 'source'}",0.2111221154530843,0.0634920634920634,0.6666666666666666,0.0333333333333333,False,20,huggingface_all_mpnet_base_v2,,,,,0.3333333333333333,0.3333333333333333,0.420619835714305,source,F1
11,retrieve_node_line,retrieval,1.parquet,VectorDB,"{'top_k': 20, 'embedding_model': 'huggingface_all_mpnet_base_v2', 'return_metadata': 'timestamp'}",0.3497957388559977,0.0634920634920634,0.6666666666666666,0.0333333333333333,False,20,huggingface_all_mpnet_base_v2,,,,,0.3333333333333333,0.3333333333333333,0.420619835714305,timestamp,F1
11,retrieve_node_line,retrieval,2.parquet,VectorDB,"{'top_k': 20, 'embedding_model': 'huggingface_all_mpnet_base_v2', 'return_metadata': 'content'}",0.2930034796396891,0.0634920634920634,0.6666666666666666,0.0333333333333333,False,20,huggingface_all_mpnet_base_v2,,,,,0.3333333333333333,0.3333333333333333,0.420619835714305,content,F1
11,retrieve_node_line,retrieval,3.parquet,VectorDB,"{'top_k': 20, 'embedding_model': 'upstage_embed', 'return_metadata': 'source'}",0.2688047885894775,0.0634920634920634,0.6666666666666666,0.0333333333333333,False,20,upstage_embed,,,,,0.3333333333333333,0.3333333333333333,0.420619835714305,source,F1
11,retrieve_node_line,retrieval,4.parquet,VectorDB,"{'top_k': 20, 'embedding_model': 'upstage_embed', 'return_metadata': 'timestamp'}",0.316094160079956,0.0634920634920634,0.6666666666666666,0.0333333333333333,False,20,upstage_embed,,,,,0.3333333333333333,0.3333333333333333,0.420619835714305,timestamp,F1
11,retrieve_node_line,retrieval,5.parquet,VectorDB,"{'top_k': 20, 'embedding_model': 'upstage_embed', 'return_metadata': 'content'}",0.5159761110941569,0.0634920634920634,0.6666666666666666,0.0333333333333333,False,20,upstage_embed,,,,,0.3333333333333333,0.3333333333333333,0.420619835714305,content,F1
11,retrieve_node_line,retrieval,6.parquet,VectorDB,"{'top_k': 20, 'embedding_model': 'cohere_embed', 'return_metadata': 'source'}",5.649565935134888,0.0634920634920634,0.6666666666666666,0.0333333333333333,False,20,cohere_embed,,,,,0.3333333333333333,0.3333333333333333,0.420619835714305,source,F1
11,retrieve_node_line,retrieval,7.parquet,VectorDB,"{'top_k': 20, 'embedding_model': 'cohere_embed', 'return_metadata': 'timestamp'}",0.260909636815389,0.0634920634920634,0.6666666666666666,0.0333333333333333,False,20,cohere_embed,,,,,0.3333333333333333,0.3333333333333333,0.420619835714305,timestamp,F1
11,retrieve_node_line,retrieval,8.parquet,VectorDB,"{'top_k': 20, 'embedding_model': 'cohere_embed', 'return_metadata': 'content'}",0.2676281929016113,0.0634920634920634,0.6666666666666666,0.0333333333333333,False,20,cohere_embed,,,,,0.3333333333333333,0.3333333333333333,0.420619835714305,content,F1
11,retrieve_node_line,retrieval,9.parquet,VectorDB,"{'top_k': 20, 'embedding_model': 'huggingface_bge_m3', 'return_metadata': 'source'}",0.2584104537963867,0.0634920634920634,0.6666666666666666,0.0333333333333333,False,20,huggingface_bge_m3,,,,,0.3333333333333333,0.3333333333333333,0.420619835714305,source,F1
11,retrieve_node_line,retrieval,10.parquet,VectorDB,"{'top_k': 20, 'embedding_model': 'huggingface_bge_m3', 'return_metadata': 'timestamp'}",0.2515240510304768,0.0634920634920634,0.6666666666666666,0.0333333333333333,False,20,huggingface_bge_m3,,,,,0.3333333333333333,0.3333333333333333,0.420619835714305,timestamp,F1
11,retrieve_node_line,retrieval,11.parquet,VectorDB,"{'top_k': 20, 'embedding_model': 'huggingface_bge_m3', 'return_metadata': 'content'}",0.2731583913167317,0.0634920634920634,0.6666666666666666,0.0333333333333333,False,20,huggingface_bge_m3,,,,,0.3333333333333333,0.3333333333333333,0.420619835714305,content,F1
11,retrieve_node_line,retrieval,12.parquet,VectorDB,"{'top_k': 20, 'embedding_model': 'huggingface_cointegrated_rubert_tiny2', 'return_metadata': 'source'}",0.2621070543924967,0.0634920634920634,0.6666666666666666,0.0333333333333333,False,20,huggingface_cointegrated_rubert_tiny2,,,,,0.3333333333333333,0.3333333333333333,0.420619835714305,source,F1
11,retrieve_node_line,retrieval,13.parquet,VectorDB,"{'top_k': 20, 'embedding_model': 'huggingface_cointegrated_rubert_tiny2', 'return_metadata': 'timestamp'}",0.6114508310953776,0.0634920634920634,0.6666666666666666,0.0333333333333333,False,20,huggingface_cointegrated_rubert_tiny2,,,,,0.3333333333333333,0.3333333333333333,0.420619835714305,timestamp,F1
11,retrieve_node_line,retrieval,14.parquet,VectorDB,"{'top_k': 20, 'embedding_model': 'huggingface_cointegrated_rubert_tiny2', 'return_metadata': 'content'}",0.3049563566843669,0.0634920634920634,0.6666666666666666,0.0333333333333333,False,20,huggingface_cointegrated_rubert_tiny2,,,,,0.3333333333333333,0.3333333333333333,0.420619835714305,content,F1
11,retrieve_node_line,retrieval,15.parquet,VectorDB,"{'top_k': 20, 'embedding_model': 'huggingface_baai_bge_small', 'return_metadata': 'source'}",0.2587554454803467,0.0634920634920634,0.6666666666666666,0.0333333333333333,False,20,huggingface_baai_bge_small,,,,,0.3333333333333333,0.3333333333333333,0.420619835714305,source,F1
11,retrieve_node_line,retrieval,16.parquet,VectorDB,"{'top_k': 20, 'embedding_model': 'huggingface_baai_bge_small', 'return_metadata': 'timestamp'}",0.2723702589670817,0.0634920634920634,0.6666666666666666,0.0333333333333333,False,20,huggingface_baai_bge_small,,,,,0.3333333333333333,0.3333333333333333,0.420619835714305,timestamp,F1
11,retrieve_node_line,retrieval,17.parquet,VectorDB,"{'top_k': 20, 'embedding_model': 'huggingface_baai_bge_small', 'return_metadata': 'content'}",0.260314146677653,0.0634920634920634,0.6666666666666666,0.0333333333333333,False,20,huggingface_baai_bge_small,,,,,0.3333333333333333,0.3333333333333333,0.420619835714305,content,F1
11,retrieve_node_line,retrieval,18.parquet,VectorDB,"{'top_k': 20, 'embedding_model': {'type': 'huggingface', 'model_name': 'colbert-ir/colbertv2.0'}, 'return_metadata': 'source'}",0.2518587112426758,0.0634920634920634,0.6666666666666666,0.0333333333333333,False,20,"{'type': 'huggingface', 'model_name': 'colbert-ir/colbertv2.0'}",,,,,0.3333333333333333,0.3333333333333333,0.420619835714305,source,F1
11,retrieve_node_line,retrieval,19.parquet,VectorDB,"{'top_k': 20, 'embedding_model': {'type': 'huggingface', 'model_name': 'colbert-ir/colbertv2.0'}, 'return_metadata': 'timestamp'}",0.3158424695332845,0.0634920634920634,0.6666666666666666,0.0333333333333333,False,20,"{'type': 'huggingface', 'model_name': 'colbert-ir/colbertv2.0'}",,,,,0.3333333333333333,0.3333333333333333,0.420619835714305,timestamp,F1
11,retrieve_node_line,retrieval,20.parquet,VectorDB,"{'top_k': 20, 'embedding_model': {'type': 'huggingface', 'model_name': 'colbert-ir/colbertv2.0'}, 'return_metadata': 'content'}",0.2768413225809733,0.0634920634920634,0.6666666666666666,0.0333333333333333,False,20,"{'type': 'huggingface', 'model_name': 'colbert-ir/colbertv2.0'}",,,,,0.3333333333333333,0.3333333333333333,0.420619835714305,content,F1
11,retrieve_node_line,retrieval,21.parquet,VectorDB,"{'top_k': 20, 'embedding_model': {'type': 'huggingface', 'model_name': 'intfloat/e5-large-v2'}, 'return_metadata': 'source'}",0.2800099054972331,0.0634920634920634,0.6666666666666666,0.0333333333333333,False,20,"{'type': 'huggingface', 'model_name': 'intfloat/e5-large-v2'}",,,,,0.3333333333333333,0.3333333333333333,0.420619835714305,source,F1
11,retrieve_node_line,retrieval,22.parquet,VectorDB,"{'top_k': 20, 'embedding_model': {'type': 'huggingface', 'model_name': 'intfloat/e5-large-v2'}, 'return_metadata': 'timestamp'}",0.2707809607187907,0.0634920634920634,0.6666666666666666,0.0333333333333333,False,20,"{'type': 'huggingface', 'model_name': 'intfloat/e5-large-v2'}",,,,,0.3333333333333333,0.3333333333333333,0.420619835714305,timestamp,F1
11,retrieve_node_line,retrieval,23.parquet,VectorDB,"{'top_k': 20, 'embedding_model': {'type': 'huggingface', 'model_name': 'intfloat/e5-large-v2'}, 'return_metadata': 'content'}",0.3092087109883626,0.0634920634920634,0.6666666666666666,0.0333333333333333,False,20,"{'type': 'huggingface', 'model_name': 'intfloat/e5-large-v2'}",,,,,0.3333333333333333,0.3333333333333333,0.420619835714305,content,F1
11,retrieve_node_line,retrieval,24.parquet,VectorDB,"{'top_k': 20, 'embedding_model': {'type': 'huggingface', 'model_name': 'Salesforce/SFR-Embedding-2_R'}, 'return_metadata': 'source'}",0.2756292819976806,0.0634920634920634,0.6666666666666666,0.0333333333333333,False,20,"{'type': 'huggingface', 'model_name': 'Salesforce/SFR-Embedding-2_R'}",,,,,0.3333333333333333,0.3333333333333333,0.420619835714305,source,F1
11,retrieve_node_line,retrieval,25.parquet,VectorDB,"{'top_k': 20, 'embedding_model': {'type': 'huggingface', 'model_name': 'Salesforce/SFR-Embedding-2_R'}, 'return_metadata': 'timestamp'}",0.2923226356506347,0.0634920634920634,0.6666666666666666,0.0333333333333333,False,20,"{'type': 'huggingface', 'model_name': 'Salesforce/SFR-Embedding-2_R'}",,,,,0.3333333333333333,0.3333333333333333,0.420619835714305,timestamp,F1
11,retrieve_node_line,retrieval,26.parquet,VectorDB,"{'top_k': 20, 'embedding_model': {'type': 'huggingface', 'model_name': 'Salesforce/SFR-Embedding-2_R'}, 'return_metadata': 'content'}",0.271367073059082,0.0634920634920634,0.6666666666666666,0.0333333333333333,False,20,"{'type': 'huggingface', 'model_name': 'Salesforce/SFR-Embedding-2_R'}",,,,,0.3333333333333333,0.3333333333333333,0.420619835714305,content,F1
11,retrieve_node_line,retrieval,27.parquet,VectorDB,"{'top_k': 20, 'embedding_model': {'type': 'huggingface', 'model_name': 'Alibaba-NLP/gte-Qwen2-7B-instruct'}, 'return_metadata': 'source'}",0.2807370026906331,0.0634920634920634,0.6666666666666666,0.0333333333333333,False,20,"{'type': 'huggingface', 'model_name': 'Alibaba-NLP/gte-Qwen2-7B-instruct'}",,,,,0.3333333333333333,0.3333333333333333,0.420619835714305,source,F1
11,retrieve_node_line,retrieval,28.parquet,VectorDB,"{'top_k': 20, 'embedding_model': {'type': 'huggingface', 'model_name': 'Alibaba-NLP/gte-Qwen2-7B-instruct'}, 'return_metadata': 'timestamp'}",0.2888607184092204,0.0634920634920634,0.6666666666666666,0.0333333333333333,False,20,"{'type': 'huggingface', 'model_name': 'Alibaba-NLP/gte-Qwen2-7B-instruct'}",,,,,0.3333333333333333,0.3333333333333333,0.420619835714305,timestamp,F1
11,retrieve_node_line,retrieval,29.parquet,VectorDB,"{'top_k': 20, 'embedding_model': {'type': 'huggingface', 'model_name': 'Alibaba-NLP/gte-Qwen2-7B-instruct'}, 'return_metadata': 'content'}",0.2482039928436279,0.0634920634920634,0.6666666666666666,0.0333333333333333,False,20,"{'type': 'huggingface', 'model_name': 'Alibaba-NLP/gte-Qwen2-7B-instruct'}",,,,,0.3333333333333333,0.3333333333333333,0.420619835714305,content,F1
11,retrieve_node_line,retrieval,30.parquet,BM25,{'top_k': 20},0.087302287419637,0.0634920634920634,0.6666666666666666,0.0333333333333333,False,20,,,,,,0.5,0.5,0.5436432511904858,,F1
11,retrieve_node_line,retrieval,31.parquet,HybridRRF,"{'top_k': 20, 'target_modules': ('VectorDB', 'BM25'), 'rrf_k': 10, 'weight': 4.0, 'target_module_params': ({'top_k': 20, 'embedding_model': 'huggingface_all_mpnet_base_v2', 'return_metadata': 'source'}, {'top_k': 20})}",0.2984244028727214,0.0634920634920634,0.6666666666666666,0.0333333333333333,False,20,huggingface_all_mpnet_base_v2,"('VectorDB', 'BM25')",10.0,4.0,,0.5,0.5,0.5436432511904858,,F1
11,retrieve_node_line,retrieval,32.parquet,HybridRRF,"{'top_k': 20, 'target_modules': ('VectorDB', 'BM25'), 'rrf_k': 3, 'weight': 4.0, 'target_module_params': ({'top_k': 20, 'embedding_model': 'huggingface_all_mpnet_base_v2', 'return_metadata': 'source'}, {'top_k': 20})}",0.2984244028727214,0.0634920634920634,0.6666666666666666,0.0333333333333333,False,20,huggingface_all_mpnet_base_v2,"('VectorDB', 'BM25')",3.0,4.0,,0.5,0.5,0.5436432511904858,,F1
11,retrieve_node_line,retrieval,33.parquet,HybridRRF,"{'top_k': 20, 'target_modules': ('VectorDB', 'BM25'), 'rrf_k': 5, 'weight': 4.0, 'target_module_params': ({'top_k': 20, 'embedding_model': 'huggingface_all_mpnet_base_v2', 'return_metadata': 'source'}, {'top_k': 20})}",0.2984244028727214,0.0634920634920634,0.6666666666666666,0.0333333333333333,False,20,huggingface_all_mpnet_base_v2,"('VectorDB', 'BM25')",5.0,4.0,,0.5,0.5,0.5436432511904858,,F1
11,retrieve_node_line,retrieval,34.parquet,HybridCC,"{'top_k': 20, 'target_modules': ('VectorDB', 'BM25'), 'weights': (0.5, 0.5), 'weight': 0.07, 'target_module_params': ({'top_k': 20, 'embedding_model': 'huggingface_all_mpnet_base_v2', 'return_metadata': 'source'}, {'top_k': 20})}",0.2984244028727214,0.0634920634920634,0.6666666666666666,0.0333333333333333,True,20,huggingface_all_mpnet_base_v2,"('VectorDB', 'BM25')",,0.07,"(0.5, 0.5)",0.6666666666666666,0.6666666666666666,0.6666666666666666,,F1
11,retrieve_node_line,retrieval,35.parquet,HybridCC,"{'top_k': 20, 'target_modules': ('VectorDB', 'BM25'), 'weights': (0.7, 0.3), 'weight': 0.07, 'target_module_params': ({'top_k': 20, 'embedding_model': 'huggingface_all_mpnet_base_v2', 'return_metadata': 'source'}, {'top_k': 20})}",0.2984244028727214,0.0634920634920634,0.6666666666666666,0.0333333333333333,False,20,huggingface_all_mpnet_base_v2,"('VectorDB', 'BM25')",,0.07,"(0.7, 0.3)",0.6666666666666666,0.6666666666666666,0.6666666666666666,,F1
11,retrieve_node_line,retrieval,36.parquet,HybridCC,"{'top_k': 20, 'target_modules': ('VectorDB', 'BM25'), 'weights': (0.3, 0.7), 'weight': 0.07, 'target_module_params': ({'top_k': 20, 'embedding_model': 'huggingface_all_mpnet_base_v2', 'return_metadata': 'source'}, {'top_k': 20})}",0.2984244028727214,0.0634920634920634,0.6666666666666666,0.0333333333333333,False,20,huggingface_all_mpnet_base_v2,"('VectorDB', 'BM25')",,0.07,"(0.3, 0.7)",0.6666666666666666,0.6666666666666666,0.6666666666666666,,F1
12,retrieve_node_line,retrieval,0.parquet,VectorDB,"{'top_k': 20, 'embedding_model': 'huggingface_all_mpnet_base_v2', 'return_metadata': 'timestamp'}",0.144594669342041,0.0634920634920634,0.6666666666666666,0.0333333333333333,False,20,huggingface_all_mpnet_base_v2,,,,,0.3333333333333333,0.3333333333333333,0.420619835714305,timestamp,F1
12,retrieve_node_line,retrieval,1.parquet,VectorDB,"{'top_k': 20, 'embedding_model': 'huggingface_all_mpnet_base_v2', 'return_metadata': 'source'}",0.2612541516621907,0.0634920634920634,0.6666666666666666,0.0333333333333333,False,20,huggingface_all_mpnet_base_v2,,,,,0.3333333333333333,0.3333333333333333,0.420619835714305,source,F1
12,retrieve_node_line,retrieval,2.parquet,VectorDB,"{'top_k': 20, 'embedding_model': 'huggingface_all_mpnet_base_v2', 'return_metadata': 'content'}",0.2597553730010986,0.0634920634920634,0.6666666666666666,0.0333333333333333,False,20,huggingface_all_mpnet_base_v2,,,,,0.3333333333333333,0.3333333333333333,0.420619835714305,content,F1
12,retrieve_node_line,retrieval,3.parquet,VectorDB,"{'top_k': 20, 'embedding_model': 'upstage_embed', 'return_metadata': 'timestamp'}",0.2726183732350667,0.0634920634920634,0.6666666666666666,0.0333333333333333,False,20,upstage_embed,,,,,0.3333333333333333,0.3333333333333333,0.420619835714305,timestamp,F1
12,retrieve_node_line,retrieval,4.parquet,VectorDB,"{'top_k': 20, 'embedding_model': 'upstage_embed', 'return_metadata': 'source'}",0.2943306763966878,0.0634920634920634,0.6666666666666666,0.0333333333333333,False,20,upstage_embed,,,,,0.3333333333333333,0.3333333333333333,0.420619835714305,source,F1
12,retrieve_node_line,retrieval,5.parquet,VectorDB,"{'top_k': 20, 'embedding_model': 'upstage_embed', 'return_metadata': 'content'}",0.2582455476125081,0.0634920634920634,0.6666666666666666,0.0333333333333333,False,20,upstage_embed,,,,,0.3333333333333333,0.3333333333333333,0.420619835714305,content,F1
12,retrieve_node_line,retrieval,6.parquet,VectorDB,"{'top_k': 20, 'embedding_model': 'cohere_embed', 'return_metadata': 'timestamp'}",0.2852753003438313,0.0634920634920634,0.6666666666666666,0.0333333333333333,False,20,cohere_embed,,,,,0.3333333333333333,0.3333333333333333,0.420619835714305,timestamp,F1
12,retrieve_node_line,retrieval,7.parquet,VectorDB,"{'top_k': 20, 'embedding_model': 'cohere_embed', 'return_metadata': 'source'}",0.2529803911844889,0.0634920634920634,0.6666666666666666,0.0333333333333333,False,20,cohere_embed,,,,,0.3333333333333333,0.3333333333333333,0.420619835714305,source,F1
12,retrieve_node_line,retrieval,8.parquet,VectorDB,"{'top_k': 20, 'embedding_model': 'cohere_embed', 'return_metadata': 'content'}",0.2238326072692871,0.0634920634920634,0.6666666666666666,0.0333333333333333,False,20,cohere_embed,,,,,0.3333333333333333,0.3333333333333333,0.420619835714305,content,F1
12,retrieve_node_line,retrieval,9.parquet,VectorDB,"{'top_k': 20, 'embedding_model': 'huggingface_bge_m3', 'return_metadata': 'timestamp'}",0.2870400746663411,0.0634920634920634,0.6666666666666666,0.0333333333333333,False,20,huggingface_bge_m3,,,,,0.3333333333333333,0.3333333333333333,0.420619835714305,timestamp,F1
12,retrieve_node_line,retrieval,10.parquet,VectorDB,"{'top_k': 20, 'embedding_model': 'huggingface_bge_m3', 'return_metadata': 'source'}",1.5109559694925945,0.0634920634920634,0.6666666666666666,0.0333333333333333,False,20,huggingface_bge_m3,,,,,0.3333333333333333,0.3333333333333333,0.420619835714305,source,F1
12,retrieve_node_line,retrieval,11.parquet,VectorDB,"{'top_k': 20, 'embedding_model': 'huggingface_bge_m3', 'return_metadata': 'content'}",0.2877353032430013,0.0634920634920634,0.6666666666666666,0.0333333333333333,False,20,huggingface_bge_m3,,,,,0.3333333333333333,0.3333333333333333,0.420619835714305,content,F1
12,retrieve_node_line,retrieval,12.parquet,VectorDB,"{'top_k': 20, 'embedding_model': 'huggingface_cointegrated_rubert_tiny2', 'return_metadata': 'timestamp'}",0.321560541788737,0.0634920634920634,0.6666666666666666,0.0333333333333333,False,20,huggingface_cointegrated_rubert_tiny2,,,,,0.3333333333333333,0.3333333333333333,0.420619835714305,timestamp,F1
12,retrieve_node_line,retrieval,13.parquet,VectorDB,"{'top_k': 20, 'embedding_model': 'huggingface_cointegrated_rubert_tiny2', 'return_metadata': 'source'}",0.2796823183695475,0.0634920634920634,0.6666666666666666,0.0333333333333333,False,20,huggingface_cointegrated_rubert_tiny2,,,,,0.3333333333333333,0.3333333333333333,0.420619835714305,source,F1
12,retrieve_node_line,retrieval,14.parquet,VectorDB,"{'top_k': 20, 'embedding_model': 'huggingface_cointegrated_rubert_tiny2', 'return_metadata': 'content'}",0.2387350400288899,0.0634920634920634,0.6666666666666666,0.0333333333333333,False,20,huggingface_cointegrated_rubert_tiny2,,,,,0.3333333333333333,0.3333333333333333,0.420619835714305,content,F1
12,retrieve_node_line,retrieval,15.parquet,VectorDB,"{'top_k': 20, 'embedding_model': 'huggingface_baai_bge_small', 'return_metadata': 'timestamp'}",0.24505615234375,0.0634920634920634,0.6666666666666666,0.0333333333333333,False,20,huggingface_baai_bge_small,,,,,0.3333333333333333,0.3333333333333333,0.420619835714305,timestamp,F1
12,retrieve_node_line,retrieval,16.parquet,VectorDB,"{'top_k': 20, 'embedding_model': 'huggingface_baai_bge_small', 'return_metadata': 'source'}",0.2742908795674642,0.0634920634920634,0.6666666666666666,0.0333333333333333,False,20,huggingface_baai_bge_small,,,,,0.3333333333333333,0.3333333333333333,0.420619835714305,source,F1
12,retrieve_node_line,retrieval,17.parquet,VectorDB,"{'top_k': 20, 'embedding_model': 'huggingface_baai_bge_small', 'return_metadata': 'content'}",0.2523117065429687,0.0634920634920634,0.6666666666666666,0.0333333333333333,False,20,huggingface_baai_bge_small,,,,,0.3333333333333333,0.3333333333333333,0.420619835714305,content,F1
12,retrieve_node_line,retrieval,18.parquet,VectorDB,"{'top_k': 20, 'embedding_model': {'type': 'huggingface', 'model_name': 'colbert-ir/colbertv2.0'}, 'return_metadata': 'timestamp'}",0.2842203776041667,0.0634920634920634,0.6666666666666666,0.0333333333333333,False,20,"{'type': 'huggingface', 'model_name': 'colbert-ir/colbertv2.0'}",,,,,0.3333333333333333,0.3333333333333333,0.420619835714305,timestamp,F1
12,retrieve_node_line,retrieval,19.parquet,VectorDB,"{'top_k': 20, 'embedding_model': {'type': 'huggingface', 'model_name': 'colbert-ir/colbertv2.0'}, 'return_metadata': 'source'}",0.2855976422627767,0.0634920634920634,0.6666666666666666,0.0333333333333333,False,20,"{'type': 'huggingface', 'model_name': 'colbert-ir/colbertv2.0'}",,,,,0.3333333333333333,0.3333333333333333,0.420619835714305,source,F1
12,retrieve_node_line,retrieval,20.parquet,VectorDB,"{'top_k': 20, 'embedding_model': {'type': 'huggingface', 'model_name': 'colbert-ir/colbertv2.0'}, 'return_metadata': 'content'}",0.2582066059112549,0.0634920634920634,0.6666666666666666,0.0333333333333333,False,20,"{'type': 'huggingface', 'model_name': 'colbert-ir/colbertv2.0'}",,,,,0.3333333333333333,0.3333333333333333,0.420619835714305,content,F1
12,retrieve_node_line,retrieval,21.parquet,VectorDB,"{'top_k': 20, 'embedding_model': {'type': 'huggingface', 'model_name': 'intfloat/e5-large-v2'}, 'return_metadata': 'timestamp'}",0.2678165435791015,0.0634920634920634,0.6666666666666666,0.0333333333333333,False,20,"{'type': 'huggingface', 'model_name': 'intfloat/e5-large-v2'}",,,,,0.3333333333333333,0.3333333333333333,0.420619835714305,timestamp,F1
12,retrieve_node_line,retrieval,22.parquet,VectorDB,"{'top_k': 20, 'embedding_model': {'type': 'huggingface', 'model_name': 'intfloat/e5-large-v2'}, 'return_metadata': 'source'}",0.3810755411783854,0.0634920634920634,0.6666666666666666,0.0333333333333333,False,20,"{'type': 'huggingface', 'model_name': 'intfloat/e5-large-v2'}",,,,,0.3333333333333333,0.3333333333333333,0.420619835714305,source,F1
12,retrieve_node_line,retrieval,23.parquet,VectorDB,"{'top_k': 20, 'embedding_model': {'type': 'huggingface', 'model_name': 'intfloat/e5-large-v2'}, 'return_metadata': 'content'}",0.2573639551798503,0.0634920634920634,0.6666666666666666,0.0333333333333333,False,20,"{'type': 'huggingface', 'model_name': 'intfloat/e5-large-v2'}",,,,,0.3333333333333333,0.3333333333333333,0.420619835714305,content,F1
12,retrieve_node_line,retrieval,24.parquet,VectorDB,"{'top_k': 20, 'embedding_model': {'type': 'huggingface', 'model_name': 'Salesforce/SFR-Embedding-2_R'}, 'return_metadata': 'timestamp'}",0.2763341267903645,0.0634920634920634,0.6666666666666666,0.0333333333333333,False,20,"{'type': 'huggingface', 'model_name': 'Salesforce/SFR-Embedding-2_R'}",,,,,0.3333333333333333,0.3333333333333333,0.420619835714305,timestamp,F1
12,retrieve_node_line,retrieval,25.parquet,VectorDB,"{'top_k': 20, 'embedding_model': {'type': 'huggingface', 'model_name': 'Salesforce/SFR-Embedding-2_R'}, 'return_metadata': 'source'}",0.33090607325236,0.0634920634920634,0.6666666666666666,0.0333333333333333,False,20,"{'type': 'huggingface', 'model_name': 'Salesforce/SFR-Embedding-2_R'}",,,,,0.3333333333333333,0.3333333333333333,0.420619835714305,source,F1
12,retrieve_node_line,retrieval,26.parquet,VectorDB,"{'top_k': 20, 'embedding_model': {'type': 'huggingface', 'model_name': 'Salesforce/SFR-Embedding-2_R'}, 'return_metadata': 'content'}",0.2734677791595459,0.0634920634920634,0.6666666666666666,0.0333333333333333,False,20,"{'type': 'huggingface', 'model_name': 'Salesforce/SFR-Embedding-2_R'}",,,,,0.3333333333333333,0.3333333333333333,0.420619835714305,content,F1
12,retrieve_node_line,retrieval,27.parquet,VectorDB,"{'top_k': 20, 'embedding_model': {'type': 'huggingface', 'model_name': 'Alibaba-NLP/gte-Qwen2-7B-instruct'}, 'return_metadata': 'timestamp'}",0.2695340315500895,0.0634920634920634,0.6666666666666666,0.0333333333333333,False,20,"{'type': 'huggingface', 'model_name': 'Alibaba-NLP/gte-Qwen2-7B-instruct'}",,,,,0.3333333333333333,0.3333333333333333,0.420619835714305,timestamp,F1
12,retrieve_node_line,retrieval,28.parquet,VectorDB,"{'top_k': 20, 'embedding_model': {'type': 'huggingface', 'model_name': 'Alibaba-NLP/gte-Qwen2-7B-instruct'}, 'return_metadata': 'source'}",0.2492767969767252,0.0634920634920634,0.6666666666666666,0.0333333333333333,False,20,"{'type': 'huggingface', 'model_name': 'Alibaba-NLP/gte-Qwen2-7B-instruct'}",,,,,0.3333333333333333,0.3333333333333333,0.420619835714305,source,F1
12,retrieve_node_line,retrieval,29.parquet,VectorDB,"{'top_k': 20, 'embedding_model': {'type': 'huggingface', 'model_name': 'Alibaba-NLP/gte-Qwen2-7B-instruct'}, 'return_metadata': 'content'}",0.2510487238566081,0.0634920634920634,0.6666666666666666,0.0333333333333333,False,20,"{'type': 'huggingface', 'model_name': 'Alibaba-NLP/gte-Qwen2-7B-instruct'}",,,,,0.3333333333333333,0.3333333333333333,0.420619835714305,content,F1
12,retrieve_node_line,retrieval,30.parquet,BM25,{'top_k': 20},0.0924247105916341,0.0634920634920634,0.6666666666666666,0.0333333333333333,False,20,,,,,,0.5,0.5,0.5436432511904858,,F1
12,retrieve_node_line,retrieval,31.parquet,HybridRRF,"{'top_k': 20, 'target_modules': ('VectorDB', 'BM25'), 'rrf_k': 10, 'weight': 4.0, 'target_module_params': ({'top_k': 20, 'embedding_model': 'huggingface_all_mpnet_base_v2', 'return_metadata': 'timestamp'}, {'top_k': 20})}",0.2370193799336751,0.0634920634920634,0.6666666666666666,0.0333333333333333,False,20,huggingface_all_mpnet_base_v2,"('VectorDB', 'BM25')",10.0,4.0,,0.5,0.5,0.5436432511904858,,F1
12,retrieve_node_line,retrieval,32.parquet,HybridRRF,"{'top_k': 20, 'target_modules': ('VectorDB', 'BM25'), 'rrf_k': 3, 'weight': 4.0, 'target_module_params': ({'top_k': 20, 'embedding_model': 'huggingface_all_mpnet_base_v2', 'return_metadata': 'timestamp'}, {'top_k': 20})}",0.2370193799336751,0.0634920634920634,0.6666666666666666,0.0333333333333333,False,20,huggingface_all_mpnet_base_v2,"('VectorDB', 'BM25')",3.0,4.0,,0.5,0.5,0.5436432511904858,,F1
12,retrieve_node_line,retrieval,33.parquet,HybridRRF,"{'top_k': 20, 'target_modules': ('VectorDB', 'BM25'), 'rrf_k': 5, 'weight': 4.0, 'target_module_params': ({'top_k': 20, 'embedding_model': 'huggingface_all_mpnet_base_v2', 'return_metadata': 'timestamp'}, {'top_k': 20})}",0.2370193799336751,0.0634920634920634,0.6666666666666666,0.0333333333333333,False,20,huggingface_all_mpnet_base_v2,"('VectorDB', 'BM25')",5.0,4.0,,0.5,0.5,0.5436432511904858,,F1
12,retrieve_node_line,retrieval,34.parquet,HybridCC,"{'top_k': 20, 'target_modules': ('VectorDB', 'BM25'), 'weights': (0.5, 0.5), 'weight': 0.06, 'target_module_params': ({'top_k': 20, 'embedding_model': 'huggingface_all_mpnet_base_v2', 'return_metadata': 'timestamp'}, {'top_k': 20})}",0.2370193799336751,0.0634920634920634,0.6666666666666666,0.0333333333333333,True,20,huggingface_all_mpnet_base_v2,"('VectorDB', 'BM25')",,0.06,"(0.5, 0.5)",0.6666666666666666,0.6666666666666666,0.6666666666666666,,F1
12,retrieve_node_line,retrieval,35.parquet,HybridCC,"{'top_k': 20, 'target_modules': ('VectorDB', 'BM25'), 'weights': (0.7, 0.3), 'weight': 0.06, 'target_module_params': ({'top_k': 20, 'embedding_model': 'huggingface_all_mpnet_base_v2', 'return_metadata': 'timestamp'}, {'top_k': 20})}",0.2370193799336751,0.0634920634920634,0.6666666666666666,0.0333333333333333,False,20,huggingface_all_mpnet_base_v2,"('VectorDB', 'BM25')",,0.06,"(0.7, 0.3)",0.6666666666666666,0.6666666666666666,0.6666666666666666,,F1
12,retrieve_node_line,retrieval,36.parquet,HybridCC,"{'top_k': 20, 'target_modules': ('VectorDB', 'BM25'), 'weights': (0.3, 0.7), 'weight': 0.06, 'target_module_params': ({'top_k': 20, 'embedding_model': 'huggingface_all_mpnet_base_v2', 'return_metadata': 'timestamp'}, {'top_k': 20})}",0.2370193799336751,0.0634920634920634,0.6666666666666666,0.0333333333333333,False,20,huggingface_all_mpnet_base_v2,"('VectorDB', 'BM25')",,0.06,"(0.3, 0.7)",0.6666666666666666,0.6666666666666666,0.6666666666666666,,F1
13,retrieve_node_line,retrieval,0.parquet,VectorDB,"{'top_k': 20, 'embedding_model': 'huggingface_all_mpnet_base_v2', 'return_metadata': 'timestamp'}",0.1821679274241129,0.0634920634920634,0.6666666666666666,0.0333333333333333,False,20,huggingface_all_mpnet_base_v2,,,,,0.3333333333333333,0.3333333333333333,0.420619835714305,timestamp,F1
13,retrieve_node_line,retrieval,1.parquet,VectorDB,"{'top_k': 20, 'embedding_model': 'huggingface_all_mpnet_base_v2', 'return_metadata': 'content'}",0.2701520919799804,0.0634920634920634,0.6666666666666666,0.0333333333333333,False,20,huggingface_all_mpnet_base_v2,,,,,0.3333333333333333,0.3333333333333333,0.420619835714305,content,F1
13,retrieve_node_line,retrieval,2.parquet,VectorDB,"{'top_k': 20, 'embedding_model': 'huggingface_all_mpnet_base_v2', 'return_metadata': 'source'}",0.2764511903127034,0.0634920634920634,0.6666666666666666,0.0333333333333333,False,20,huggingface_all_mpnet_base_v2,,,,,0.3333333333333333,0.3333333333333333,0.420619835714305,source,F1
13,retrieve_node_line,retrieval,3.parquet,VectorDB,"{'top_k': 20, 'embedding_model': 'upstage_embed', 'return_metadata': 'timestamp'}",0.2990531126658122,0.0634920634920634,0.6666666666666666,0.0333333333333333,False,20,upstage_embed,,,,,0.3333333333333333,0.3333333333333333,0.420619835714305,timestamp,F1
13,retrieve_node_line,retrieval,4.parquet,VectorDB,"{'top_k': 20, 'embedding_model': 'upstage_embed', 'return_metadata': 'content'}",0.2259564399719238,0.0634920634920634,0.6666666666666666,0.0333333333333333,False,20,upstage_embed,,,,,0.3333333333333333,0.3333333333333333,0.420619835714305,content,F1
13,retrieve_node_line,retrieval,5.parquet,VectorDB,"{'top_k': 20, 'embedding_model': 'upstage_embed', 'return_metadata': 'source'}",0.2818469206492106,0.0634920634920634,0.6666666666666666,0.0333333333333333,False,20,upstage_embed,,,,,0.3333333333333333,0.3333333333333333,0.420619835714305,source,F1
13,retrieve_node_line,retrieval,6.parquet,VectorDB,"{'top_k': 20, 'embedding_model': 'cohere_embed', 'return_metadata': 'timestamp'}",0.2553975582122803,0.0634920634920634,0.6666666666666666,0.0333333333333333,False,20,cohere_embed,,,,,0.3333333333333333,0.3333333333333333,0.420619835714305,timestamp,F1
13,retrieve_node_line,retrieval,7.parquet,VectorDB,"{'top_k': 20, 'embedding_model': 'cohere_embed', 'return_metadata': 'content'}",0.285685936609904,0.0634920634920634,0.6666666666666666,0.0333333333333333,False,20,cohere_embed,,,,,0.3333333333333333,0.3333333333333333,0.420619835714305,content,F1
13,retrieve_node_line,retrieval,8.parquet,VectorDB,"{'top_k': 20, 'embedding_model': 'cohere_embed', 'return_metadata': 'source'}",0.2813650767008464,0.0634920634920634,0.6666666666666666,0.0333333333333333,False,20,cohere_embed,,,,,0.3333333333333333,0.3333333333333333,0.420619835714305,source,F1
13,retrieve_node_line,retrieval,9.parquet,VectorDB,"{'top_k': 20, 'embedding_model': 'huggingface_bge_m3', 'return_metadata': 'timestamp'}",0.2739443778991699,0.0634920634920634,0.6666666666666666,0.0333333333333333,False,20,huggingface_bge_m3,,,,,0.3333333333333333,0.3333333333333333,0.420619835714305,timestamp,F1
13,retrieve_node_line,retrieval,10.parquet,VectorDB,"{'top_k': 20, 'embedding_model': 'huggingface_bge_m3', 'return_metadata': 'content'}",0.2572712103525797,0.0634920634920634,0.6666666666666666,0.0333333333333333,False,20,huggingface_bge_m3,,,,,0.3333333333333333,0.3333333333333333,0.420619835714305,content,F1
13,retrieve_node_line,retrieval,11.parquet,VectorDB,"{'top_k': 20, 'embedding_model': 'huggingface_bge_m3', 'return_metadata': 'source'}",0.2532028357187907,0.0634920634920634,0.6666666666666666,0.0333333333333333,False,20,huggingface_bge_m3,,,,,0.3333333333333333,0.3333333333333333,0.420619835714305,source,F1
13,retrieve_node_line,retrieval,12.parquet,VectorDB,"{'top_k': 20, 'embedding_model': 'huggingface_cointegrated_rubert_tiny2', 'return_metadata': 'timestamp'}",0.3037893772125244,0.0634920634920634,0.6666666666666666,0.0333333333333333,False,20,huggingface_cointegrated_rubert_tiny2,,,,,0.3333333333333333,0.3333333333333333,0.420619835714305,timestamp,F1
13,retrieve_node_line,retrieval,13.parquet,VectorDB,"{'top_k': 20, 'embedding_model': 'huggingface_cointegrated_rubert_tiny2', 'return_metadata': 'content'}",0.6863177617390951,0.0634920634920634,0.6666666666666666,0.0333333333333333,False,20,huggingface_cointegrated_rubert_tiny2,,,,,0.3333333333333333,0.3333333333333333,0.420619835714305,content,F1
13,retrieve_node_line,retrieval,14.parquet,VectorDB,"{'top_k': 20, 'embedding_model': 'huggingface_cointegrated_rubert_tiny2', 'return_metadata': 'source'}",0.3058397769927978,0.0634920634920634,0.6666666666666666,0.0333333333333333,False,20,huggingface_cointegrated_rubert_tiny2,,,,,0.3333333333333333,0.3333333333333333,0.420619835714305,source,F1
13,retrieve_node_line,retrieval,15.parquet,VectorDB,"{'top_k': 20, 'embedding_model': 'huggingface_baai_bge_small', 'return_metadata': 'timestamp'}",0.2807989120483398,0.0634920634920634,0.6666666666666666,0.0333333333333333,False,20,huggingface_baai_bge_small,,,,,0.3333333333333333,0.3333333333333333,0.420619835714305,timestamp,F1
13,retrieve_node_line,retrieval,16.parquet,VectorDB,"{'top_k': 20, 'embedding_model': 'huggingface_baai_bge_small', 'return_metadata': 'content'}",0.2461930910746256,0.0634920634920634,0.6666666666666666,0.0333333333333333,False,20,huggingface_baai_bge_small,,,,,0.3333333333333333,0.3333333333333333,0.420619835714305,content,F1
13,retrieve_node_line,retrieval,17.parquet,VectorDB,"{'top_k': 20, 'embedding_model': 'huggingface_baai_bge_small', 'return_metadata': 'source'}",0.2580897013346354,0.0634920634920634,0.6666666666666666,0.0333333333333333,False,20,huggingface_baai_bge_small,,,,,0.3333333333333333,0.3333333333333333,0.420619835714305,source,F1
13,retrieve_node_line,retrieval,18.parquet,VectorDB,"{'top_k': 20, 'embedding_model': {'type': 'huggingface', 'model_name': 'colbert-ir/colbertv2.0'}, 'return_metadata': 'timestamp'}",0.2640262444814046,0.0634920634920634,0.6666666666666666,0.0333333333333333,False,20,"{'type': 'huggingface', 'model_name': 'colbert-ir/colbertv2.0'}",,,,,0.3333333333333333,0.3333333333333333,0.420619835714305,timestamp,F1
13,retrieve_node_line,retrieval,19.parquet,VectorDB,"{'top_k': 20, 'embedding_model': {'type': 'huggingface', 'model_name': 'colbert-ir/colbertv2.0'}, 'return_metadata': 'content'}",0.2452123165130615,0.0634920634920634,0.6666666666666666,0.0333333333333333,False,20,"{'type': 'huggingface', 'model_name': 'colbert-ir/colbertv2.0'}",,,,,0.3333333333333333,0.3333333333333333,0.420619835714305,content,F1
13,retrieve_node_line,retrieval,20.parquet,VectorDB,"{'top_k': 20, 'embedding_model': {'type': 'huggingface', 'model_name': 'colbert-ir/colbertv2.0'}, 'return_metadata': 'source'}",0.2694214185078938,0.0634920634920634,0.6666666666666666,0.0333333333333333,False,20,"{'type': 'huggingface', 'model_name': 'colbert-ir/colbertv2.0'}",,,,,0.3333333333333333,0.3333333333333333,0.420619835714305,source,F1
13,retrieve_node_line,retrieval,21.parquet,VectorDB,"{'top_k': 20, 'embedding_model': {'type': 'huggingface', 'model_name': 'intfloat/e5-large-v2'}, 'return_metadata': 'timestamp'}",0.3477656046549479,0.0634920634920634,0.6666666666666666,0.0333333333333333,False,20,"{'type': 'huggingface', 'model_name': 'intfloat/e5-large-v2'}",,,,,0.3333333333333333,0.3333333333333333,0.420619835714305,timestamp,F1
13,retrieve_node_line,retrieval,22.parquet,VectorDB,"{'top_k': 20, 'embedding_model': {'type': 'huggingface', 'model_name': 'intfloat/e5-large-v2'}, 'return_metadata': 'content'}",0.2809701760609944,0.0634920634920634,0.6666666666666666,0.0333333333333333,False,20,"{'type': 'huggingface', 'model_name': 'intfloat/e5-large-v2'}",,,,,0.3333333333333333,0.3333333333333333,0.420619835714305,content,F1
13,retrieve_node_line,retrieval,23.parquet,VectorDB,"{'top_k': 20, 'embedding_model': {'type': 'huggingface', 'model_name': 'intfloat/e5-large-v2'}, 'return_metadata': 'source'}",0.2770032087961833,0.0634920634920634,0.6666666666666666,0.0333333333333333,False,20,"{'type': 'huggingface', 'model_name': 'intfloat/e5-large-v2'}",,,,,0.3333333333333333,0.3333333333333333,0.420619835714305,source,F1
13,retrieve_node_line,retrieval,24.parquet,VectorDB,"{'top_k': 20, 'embedding_model': {'type': 'huggingface', 'model_name': 'Salesforce/SFR-Embedding-2_R'}, 'return_metadata': 'timestamp'}",0.2902866204579671,0.0634920634920634,0.6666666666666666,0.0333333333333333,False,20,"{'type': 'huggingface', 'model_name': 'Salesforce/SFR-Embedding-2_R'}",,,,,0.3333333333333333,0.3333333333333333,0.420619835714305,timestamp,F1
13,retrieve_node_line,retrieval,25.parquet,VectorDB,"{'top_k': 20, 'embedding_model': {'type': 'huggingface', 'model_name': 'Salesforce/SFR-Embedding-2_R'}, 'return_metadata': 'content'}",0.2753148873647054,0.0634920634920634,0.6666666666666666,0.0333333333333333,False,20,"{'type': 'huggingface', 'model_name': 'Salesforce/SFR-Embedding-2_R'}",,,,,0.3333333333333333,0.3333333333333333,0.420619835714305,content,F1
13,retrieve_node_line,retrieval,26.parquet,VectorDB,"{'top_k': 20, 'embedding_model': {'type': 'huggingface', 'model_name': 'Salesforce/SFR-Embedding-2_R'}, 'return_metadata': 'source'}",0.3290966351826985,0.0634920634920634,0.6666666666666666,0.0333333333333333,False,20,"{'type': 'huggingface', 'model_name': 'Salesforce/SFR-Embedding-2_R'}",,,,,0.3333333333333333,0.3333333333333333,0.420619835714305,source,F1
13,retrieve_node_line,retrieval,27.parquet,VectorDB,"{'top_k': 20, 'embedding_model': {'type': 'huggingface', 'model_name': 'Alibaba-NLP/gte-Qwen2-7B-instruct'}, 'return_metadata': 'timestamp'}",0.2787742614746094,0.0634920634920634,0.6666666666666666,0.0333333333333333,False,20,"{'type': 'huggingface', 'model_name': 'Alibaba-NLP/gte-Qwen2-7B-instruct'}",,,,,0.3333333333333333,0.3333333333333333,0.420619835714305,timestamp,F1
13,retrieve_node_line,retrieval,28.parquet,VectorDB,"{'top_k': 20, 'embedding_model': {'type': 'huggingface', 'model_name': 'Alibaba-NLP/gte-Qwen2-7B-instruct'}, 'return_metadata': 'content'}",0.2442080974578857,0.0634920634920634,0.6666666666666666,0.0333333333333333,False,20,"{'type': 'huggingface', 'model_name': 'Alibaba-NLP/gte-Qwen2-7B-instruct'}",,,,,0.3333333333333333,0.3333333333333333,0.420619835714305,content,F1
13,retrieve_node_line,retrieval,29.parquet,VectorDB,"{'top_k': 20, 'embedding_model': {'type': 'huggingface', 'model_name': 'Alibaba-NLP/gte-Qwen2-7B-instruct'}, 'return_metadata': 'source'}",0.2683003743489583,0.0634920634920634,0.6666666666666666,0.0333333333333333,False,20,"{'type': 'huggingface', 'model_name': 'Alibaba-NLP/gte-Qwen2-7B-instruct'}",,,,,0.3333333333333333,0.3333333333333333,0.420619835714305,source,F1
13,retrieve_node_line,retrieval,30.parquet,BM25,{'top_k': 20},0.0925178527832031,0.0634920634920634,0.6666666666666666,0.0333333333333333,False,20,,,,,,0.5,0.5,0.5436432511904858,,F1
13,retrieve_node_line,retrieval,31.parquet,HybridRRF,"{'top_k': 20, 'target_modules': ('VectorDB', 'BM25'), 'rrf_k': 10, 'weight': 4.0, 'target_module_params': ({'top_k': 20, 'embedding_model': 'huggingface_all_mpnet_base_v2', 'return_metadata': 'timestamp'}, {'top_k': 20})}",0.274685780207316,0.0634920634920634,0.6666666666666666,0.0333333333333333,False,20,huggingface_all_mpnet_base_v2,"('VectorDB', 'BM25')",10.0,4.0,,0.5,0.5,0.5436432511904858,,F1
13,retrieve_node_line,retrieval,32.parquet,HybridRRF,"{'top_k': 20, 'target_modules': ('VectorDB', 'BM25'), 'rrf_k': 3, 'weight': 4.0, 'target_module_params': ({'top_k': 20, 'embedding_model': 'huggingface_all_mpnet_base_v2', 'return_metadata': 'timestamp'}, {'top_k': 20})}",0.274685780207316,0.0634920634920634,0.6666666666666666,0.0333333333333333,False,20,huggingface_all_mpnet_base_v2,"('VectorDB', 'BM25')",3.0,4.0,,0.5,0.5,0.5436432511904858,,F1
13,retrieve_node_line,retrieval,33.parquet,HybridRRF,"{'top_k': 20, 'target_modules': ('VectorDB', 'BM25'), 'rrf_k': 5, 'weight': 4.0, 'target_module_params': ({'top_k': 20, 'embedding_model': 'huggingface_all_mpnet_base_v2', 'return_metadata': 'timestamp'}, {'top_k': 20})}",0.274685780207316,0.0634920634920634,0.6666666666666666,0.0333333333333333,False,20,huggingface_all_mpnet_base_v2,"('VectorDB', 'BM25')",5.0,4.0,,0.5,0.5,0.5436432511904858,,F1
13,retrieve_node_line,retrieval,34.parquet,HybridCC,"{'top_k': 20, 'target_modules': ('VectorDB', 'BM25'), 'weights': (0.5, 0.5), 'weight': 0.07, 'target_module_params': ({'top_k': 20, 'embedding_model': 'huggingface_all_mpnet_base_v2', 'return_metadata': 'timestamp'}, {'top_k': 20})}",0.274685780207316,0.0634920634920634,0.6666666666666666,0.0333333333333333,True,20,huggingface_all_mpnet_base_v2,"('VectorDB', 'BM25')",,0.07,"(0.5, 0.5)",0.6666666666666666,0.6666666666666666,0.6666666666666666,,F1
13,retrieve_node_line,retrieval,35.parquet,HybridCC,"{'top_k': 20, 'target_modules': ('VectorDB', 'BM25'), 'weights': (0.7, 0.3), 'weight': 0.07, 'target_module_params': ({'top_k': 20, 'embedding_model': 'huggingface_all_mpnet_base_v2', 'return_metadata': 'timestamp'}, {'top_k': 20})}",0.274685780207316,0.0634920634920634,0.6666666666666666,0.0333333333333333,False,20,huggingface_all_mpnet_base_v2,"('VectorDB', 'BM25')",,0.07,"(0.7, 0.3)",0.6666666666666666,0.6666666666666666,0.6666666666666666,,F1
13,retrieve_node_line,retrieval,36.parquet,HybridCC,"{'top_k': 20, 'target_modules': ('VectorDB', 'BM25'), 'weights': (0.3, 0.7), 'weight': 0.07, 'target_module_params': ({'top_k': 20, 'embedding_model': 'huggingface_all_mpnet_base_v2', 'return_metadata': 'timestamp'}, {'top_k': 20})}",0.274685780207316,0.0634920634920634,0.6666666666666666,0.0333333333333333,False,20,huggingface_all_mpnet_base_v2,"('VectorDB', 'BM25')",,0.07,"(0.3, 0.7)",0.6666666666666666,0.6666666666666666,0.6666666666666666,,F1
15,retrieve_node_line,retrieval,0.parquet,VectorDB,"{'top_k': 20, 'embedding_model': 'huggingface_all_mpnet_base_v2', 'return_metadata': 'timestamp'}",0.172005812327067,0.0634920634920634,0.6666666666666666,0.0333333333333333,False,20,huggingface_all_mpnet_base_v2,,,,,0.3333333333333333,0.3333333333333333,0.420619835714305,timestamp,F1
15,retrieve_node_line,retrieval,1.parquet,VectorDB,"{'top_k': 20, 'embedding_model': 'huggingface_all_mpnet_base_v2', 'return_metadata': 'content'}",0.2373866240183512,0.0634920634920634,0.6666666666666666,0.0333333333333333,False,20,huggingface_all_mpnet_base_v2,,,,,0.3333333333333333,0.3333333333333333,0.420619835714305,content,F1
15,retrieve_node_line,retrieval,2.parquet,VectorDB,"{'top_k': 20, 'embedding_model': 'huggingface_all_mpnet_base_v2', 'return_metadata': 'source'}",0.2940034071604411,0.0634920634920634,0.6666666666666666,0.0333333333333333,False,20,huggingface_all_mpnet_base_v2,,,,,0.3333333333333333,0.3333333333333333,0.420619835714305,source,F1
15,retrieve_node_line,retrieval,3.parquet,VectorDB,"{'top_k': 20, 'embedding_model': 'upstage_embed', 'return_metadata': 'timestamp'}",0.3237379391988118,0.0634920634920634,0.6666666666666666,0.0333333333333333,False,20,upstage_embed,,,,,0.3333333333333333,0.3333333333333333,0.420619835714305,timestamp,F1
15,retrieve_node_line,retrieval,4.parquet,VectorDB,"{'top_k': 20, 'embedding_model': 'upstage_embed', 'return_metadata': 'content'}",0.3121867974599202,0.0634920634920634,0.6666666666666666,0.0333333333333333,False,20,upstage_embed,,,,,0.3333333333333333,0.3333333333333333,0.420619835714305,content,F1
15,retrieve_node_line,retrieval,5.parquet,VectorDB,"{'top_k': 20, 'embedding_model': 'upstage_embed', 'return_metadata': 'source'}",0.2916429042816162,0.0634920634920634,0.6666666666666666,0.0333333333333333,False,20,upstage_embed,,,,,0.3333333333333333,0.3333333333333333,0.420619835714305,source,F1
15,retrieve_node_line,retrieval,6.parquet,VectorDB,"{'top_k': 20, 'embedding_model': 'cohere_embed', 'return_metadata': 'timestamp'}",0.2868955930074056,0.0634920634920634,0.6666666666666666,0.0333333333333333,False,20,cohere_embed,,,,,0.3333333333333333,0.3333333333333333,0.420619835714305,timestamp,F1
15,retrieve_node_line,retrieval,7.parquet,VectorDB,"{'top_k': 20, 'embedding_model': 'cohere_embed', 'return_metadata': 'content'}",0.2645564079284668,0.0634920634920634,0.6666666666666666,0.0333333333333333,False,20,cohere_embed,,,,,0.3333333333333333,0.3333333333333333,0.420619835714305,content,F1
15,retrieve_node_line,retrieval,8.parquet,VectorDB,"{'top_k': 20, 'embedding_model': 'cohere_embed', 'return_metadata': 'source'}",0.3513269424438476,0.0634920634920634,0.6666666666666666,0.0333333333333333,False,20,cohere_embed,,,,,0.3333333333333333,0.3333333333333333,0.420619835714305,source,F1
15,retrieve_node_line,retrieval,9.parquet,VectorDB,"{'top_k': 20, 'embedding_model': 'huggingface_bge_m3', 'return_metadata': 'timestamp'}",0.249242623647054,0.0634920634920634,0.6666666666666666,0.0333333333333333,False,20,huggingface_bge_m3,,,,,0.3333333333333333,0.3333333333333333,0.420619835714305,timestamp,F1
15,retrieve_node_line,retrieval,10.parquet,VectorDB,"{'top_k': 20, 'embedding_model': 'huggingface_bge_m3', 'return_metadata': 'content'}",0.2319689591725667,0.0634920634920634,0.6666666666666666,0.0333333333333333,False,20,huggingface_bge_m3,,,,,0.3333333333333333,0.3333333333333333,0.420619835714305,content,F1
15,retrieve_node_line,retrieval,11.parquet,VectorDB,"{'top_k': 20, 'embedding_model': 'huggingface_bge_m3', 'return_metadata': 'source'}",0.2411351998647054,0.0634920634920634,0.6666666666666666,0.0333333333333333,False,20,huggingface_bge_m3,,,,,0.3333333333333333,0.3333333333333333,0.420619835714305,source,F1
15,retrieve_node_line,retrieval,12.parquet,VectorDB,"{'top_k': 20, 'embedding_model': 'huggingface_cointegrated_rubert_tiny2', 'return_metadata': 'timestamp'}",0.3397923310597737,0.0634920634920634,0.6666666666666666,0.0333333333333333,False,20,huggingface_cointegrated_rubert_tiny2,,,,,0.3333333333333333,0.3333333333333333,0.420619835714305,timestamp,F1
15,retrieve_node_line,retrieval,13.parquet,VectorDB,"{'top_k': 20, 'embedding_model': 'huggingface_cointegrated_rubert_tiny2', 'return_metadata': 'content'}",0.2684332529703776,0.0634920634920634,0.6666666666666666,0.0333333333333333,False,20,huggingface_cointegrated_rubert_tiny2,,,,,0.3333333333333333,0.3333333333333333,0.420619835714305,content,F1
15,retrieve_node_line,retrieval,14.parquet,VectorDB,"{'top_k': 20, 'embedding_model': 'huggingface_cointegrated_rubert_tiny2', 'return_metadata': 'source'}",0.2865355014801025,0.0634920634920634,0.6666666666666666,0.0333333333333333,False,20,huggingface_cointegrated_rubert_tiny2,,,,,0.3333333333333333,0.3333333333333333,0.420619835714305,source,F1
15,retrieve_node_line,retrieval,15.parquet,VectorDB,"{'top_k': 20, 'embedding_model': 'huggingface_baai_bge_small', 'return_metadata': 'timestamp'}",0.2839028040568034,0.0634920634920634,0.6666666666666666,0.0333333333333333,False,20,huggingface_baai_bge_small,,,,,0.3333333333333333,0.3333333333333333,0.420619835714305,timestamp,F1
15,retrieve_node_line,retrieval,16.parquet,VectorDB,"{'top_k': 20, 'embedding_model': 'huggingface_baai_bge_small', 'return_metadata': 'content'}",0.2685936292012532,0.0634920634920634,0.6666666666666666,0.0333333333333333,False,20,huggingface_baai_bge_small,,,,,0.3333333333333333,0.3333333333333333,0.420619835714305,content,F1
15,retrieve_node_line,retrieval,17.parquet,VectorDB,"{'top_k': 20, 'embedding_model': 'huggingface_baai_bge_small', 'return_metadata': 'source'}",0.263106902440389,0.0634920634920634,0.6666666666666666,0.0333333333333333,False,20,huggingface_baai_bge_small,,,,,0.3333333333333333,0.3333333333333333,0.420619835714305,source,F1
15,retrieve_node_line,retrieval,18.parquet,VectorDB,"{'top_k': 20, 'embedding_model': {'type': 'huggingface', 'model_name': 'colbert-ir/colbertv2.0'}, 'return_metadata': 'timestamp'}",0.2924024264017741,0.0634920634920634,0.6666666666666666,0.0333333333333333,False,20,"{'type': 'huggingface', 'model_name': 'colbert-ir/colbertv2.0'}",,,,,0.3333333333333333,0.3333333333333333,0.420619835714305,timestamp,F1
15,retrieve_node_line,retrieval,19.parquet,VectorDB,"{'top_k': 20, 'embedding_model': {'type': 'huggingface', 'model_name': 'colbert-ir/colbertv2.0'}, 'return_metadata': 'content'}",0.2845121224721272,0.0634920634920634,0.6666666666666666,0.0333333333333333,False,20,"{'type': 'huggingface', 'model_name': 'colbert-ir/colbertv2.0'}",,,,,0.3333333333333333,0.3333333333333333,0.420619835714305,content,F1
15,retrieve_node_line,retrieval,20.parquet,VectorDB,"{'top_k': 20, 'embedding_model': {'type': 'huggingface', 'model_name': 'colbert-ir/colbertv2.0'}, 'return_metadata': 'source'}",0.2565058867136637,0.0634920634920634,0.6666666666666666,0.0333333333333333,False,20,"{'type': 'huggingface', 'model_name': 'colbert-ir/colbertv2.0'}",,,,,0.3333333333333333,0.3333333333333333,0.420619835714305,source,F1
15,retrieve_node_line,retrieval,21.parquet,VectorDB,"{'top_k': 20, 'embedding_model': {'type': 'huggingface', 'model_name': 'intfloat/e5-large-v2'}, 'return_metadata': 'timestamp'}",0.2905645370483398,0.0634920634920634,0.6666666666666666,0.0333333333333333,False,20,"{'type': 'huggingface', 'model_name': 'intfloat/e5-large-v2'}",,,,,0.3333333333333333,0.3333333333333333,0.420619835714305,timestamp,F1
15,retrieve_node_line,retrieval,22.parquet,VectorDB,"{'top_k': 20, 'embedding_model': {'type': 'huggingface', 'model_name': 'intfloat/e5-large-v2'}, 'return_metadata': 'content'}",0.2539202372233073,0.0634920634920634,0.6666666666666666,0.0333333333333333,False,20,"{'type': 'huggingface', 'model_name': 'intfloat/e5-large-v2'}",,,,,0.3333333333333333,0.3333333333333333,0.420619835714305,content,F1
15,retrieve_node_line,retrieval,23.parquet,VectorDB,"{'top_k': 20, 'embedding_model': {'type': 'huggingface', 'model_name': 'intfloat/e5-large-v2'}, 'return_metadata': 'source'}",0.253573735555013,0.0634920634920634,0.6666666666666666,0.0333333333333333,False,20,"{'type': 'huggingface', 'model_name': 'intfloat/e5-large-v2'}",,,,,0.3333333333333333,0.3333333333333333,0.420619835714305,source,F1
15,retrieve_node_line,retrieval,24.parquet,VectorDB,"{'top_k': 20, 'embedding_model': {'type': 'huggingface', 'model_name': 'Salesforce/SFR-Embedding-2_R'}, 'return_metadata': 'timestamp'}",0.2546637852986653,0.0634920634920634,0.6666666666666666,0.0333333333333333,False,20,"{'type': 'huggingface', 'model_name': 'Salesforce/SFR-Embedding-2_R'}",,,,,0.3333333333333333,0.3333333333333333,0.420619835714305,timestamp,F1
15,retrieve_node_line,retrieval,25.parquet,VectorDB,"{'top_k': 20, 'embedding_model': {'type': 'huggingface', 'model_name': 'Salesforce/SFR-Embedding-2_R'}, 'return_metadata': 'content'}",0.3021573225657145,0.0634920634920634,0.6666666666666666,0.0333333333333333,False,20,"{'type': 'huggingface', 'model_name': 'Salesforce/SFR-Embedding-2_R'}",,,,,0.3333333333333333,0.3333333333333333,0.420619835714305,content,F1
15,retrieve_node_line,retrieval,26.parquet,VectorDB,"{'top_k': 20, 'embedding_model': {'type': 'huggingface', 'model_name': 'Salesforce/SFR-Embedding-2_R'}, 'return_metadata': 'source'}",0.3065864245096842,0.0634920634920634,0.6666666666666666,0.0333333333333333,False,20,"{'type': 'huggingface', 'model_name': 'Salesforce/SFR-Embedding-2_R'}",,,,,0.3333333333333333,0.3333333333333333,0.420619835714305,source,F1
15,retrieve_node_line,retrieval,27.parquet,VectorDB,"{'top_k': 20, 'embedding_model': {'type': 'huggingface', 'model_name': 'Alibaba-NLP/gte-Qwen2-7B-instruct'}, 'return_metadata': 'timestamp'}",0.2334655125935872,0.0634920634920634,0.6666666666666666,0.0333333333333333,False,20,"{'type': 'huggingface', 'model_name': 'Alibaba-NLP/gte-Qwen2-7B-instruct'}",,,,,0.3333333333333333,0.3333333333333333,0.420619835714305,timestamp,F1
15,retrieve_node_line,retrieval,28.parquet,VectorDB,"{'top_k': 20, 'embedding_model': {'type': 'huggingface', 'model_name': 'Alibaba-NLP/gte-Qwen2-7B-instruct'}, 'return_metadata': 'content'}",0.2862838904062907,0.0634920634920634,0.6666666666666666,0.0333333333333333,False,20,"{'type': 'huggingface', 'model_name': 'Alibaba-NLP/gte-Qwen2-7B-instruct'}",,,,,0.3333333333333333,0.3333333333333333,0.420619835714305,content,F1
15,retrieve_node_line,retrieval,29.parquet,VectorDB,"{'top_k': 20, 'embedding_model': {'type': 'huggingface', 'model_name': 'Alibaba-NLP/gte-Qwen2-7B-instruct'}, 'return_metadata': 'source'}",0.2778676350911458,0.0634920634920634,0.6666666666666666,0.0333333333333333,False,20,"{'type': 'huggingface', 'model_name': 'Alibaba-NLP/gte-Qwen2-7B-instruct'}",,,,,0.3333333333333333,0.3333333333333333,0.420619835714305,source,F1
15,retrieve_node_line,retrieval,30.parquet,BM25,{'top_k': 20},0.0849295457204182,0.0634920634920634,0.6666666666666666,0.0333333333333333,False,20,,,,,,0.5,0.5,0.5436432511904858,,F1
15,retrieve_node_line,retrieval,31.parquet,HybridRRF,"{'top_k': 20, 'target_modules': ('VectorDB', 'BM25'), 'rrf_k': 10, 'weight': 4.0, 'target_module_params': ({'top_k': 20, 'embedding_model': 'huggingface_all_mpnet_base_v2', 'return_metadata': 'timestamp'}, {'top_k': 20})}",0.2569353580474853,0.0634920634920634,0.6666666666666666,0.0333333333333333,False,20,huggingface_all_mpnet_base_v2,"('VectorDB', 'BM25')",10.0,4.0,,0.5,0.5,0.5436432511904858,,F1
15,retrieve_node_line,retrieval,32.parquet,HybridRRF,"{'top_k': 20, 'target_modules': ('VectorDB', 'BM25'), 'rrf_k': 3, 'weight': 4.0, 'target_module_params': ({'top_k': 20, 'embedding_model': 'huggingface_all_mpnet_base_v2', 'return_metadata': 'timestamp'}, {'top_k': 20})}",0.2569353580474853,0.0634920634920634,0.6666666666666666,0.0333333333333333,False,20,huggingface_all_mpnet_base_v2,"('VectorDB', 'BM25')",3.0,4.0,,0.5,0.5,0.5436432511904858,,F1
15,retrieve_node_line,retrieval,33.parquet,HybridRRF,"{'top_k': 20, 'target_modules': ('VectorDB', 'BM25'), 'rrf_k': 5, 'weight': 4.0, 'target_module_params': ({'top_k': 20, 'embedding_model': 'huggingface_all_mpnet_base_v2', 'return_metadata': 'timestamp'}, {'top_k': 20})}",0.2569353580474853,0.0634920634920634,0.6666666666666666,0.0333333333333333,False,20,huggingface_all_mpnet_base_v2,"('VectorDB', 'BM25')",5.0,4.0,,0.5,0.5,0.5436432511904858,,F1
15,retrieve_node_line,retrieval,34.parquet,HybridCC,"{'top_k': 20, 'target_modules': ('VectorDB', 'BM25'), 'weights': (0.5, 0.5), 'weight': 0.06, 'target_module_params': ({'top_k': 20, 'embedding_model': 'huggingface_all_mpnet_base_v2', 'return_metadata': 'timestamp'}, {'top_k': 20})}",0.2569353580474853,0.0634920634920634,0.6666666666666666,0.0333333333333333,True,20,huggingface_all_mpnet_base_v2,"('VectorDB', 'BM25')",,0.06,"(0.5, 0.5)",0.6666666666666666,0.6666666666666666,0.6666666666666666,,F1
15,retrieve_node_line,retrieval,35.parquet,HybridCC,"{'top_k': 20, 'target_modules': ('VectorDB', 'BM25'), 'weights': (0.7, 0.3), 'weight': 0.06, 'target_module_params': ({'top_k': 20, 'embedding_model': 'huggingface_all_mpnet_base_v2', 'return_metadata': 'timestamp'}, {'top_k': 20})}",0.2569353580474853,0.0634920634920634,0.6666666666666666,0.0333333333333333,False,20,huggingface_all_mpnet_base_v2,"('VectorDB', 'BM25')",,0.06,"(0.7, 0.3)",0.6666666666666666,0.6666666666666666,0.6666666666666666,,F1
15,retrieve_node_line,retrieval,36.parquet,HybridCC,"{'top_k': 20, 'target_modules': ('VectorDB', 'BM25'), 'weights': (0.3, 0.7), 'weight': 0.06, 'target_module_params': ({'top_k': 20, 'embedding_model': 'huggingface_all_mpnet_base_v2', 'return_metadata': 'timestamp'}, {'top_k': 20})}",0.2569353580474853,0.0634920634920634,0.6666666666666666,0.0333333333333333,False,20,huggingface_all_mpnet_base_v2,"('VectorDB', 'BM25')",,0.06,"(0.3, 0.7)",0.6666666666666666,0.6666666666666666,0.6666666666666666,,F1
16,retrieve_node_line,retrieval,0.parquet,VectorDB,"{'top_k': 20, 'embedding_model': 'huggingface_all_mpnet_base_v2', 'return_metadata': 'source'}",0.4100617567698161,0.0634920634920634,0.6666666666666666,0.0333333333333333,False,20,huggingface_all_mpnet_base_v2,,,,,0.3333333333333333,0.3333333333333333,0.420619835714305,source,F1
16,retrieve_node_line,retrieval,1.parquet,VectorDB,"{'top_k': 20, 'embedding_model': 'huggingface_all_mpnet_base_v2', 'return_metadata': 'content'}",0.3388936519622803,0.0634920634920634,0.6666666666666666,0.0333333333333333,False,20,huggingface_all_mpnet_base_v2,,,,,0.3333333333333333,0.3333333333333333,0.420619835714305,content,F1
16,retrieve_node_line,retrieval,2.parquet,VectorDB,"{'top_k': 20, 'embedding_model': 'huggingface_all_mpnet_base_v2', 'return_metadata': 'timestamp'}",0.2767900625864665,0.0634920634920634,0.6666666666666666,0.0333333333333333,False,20,huggingface_all_mpnet_base_v2,,,,,0.3333333333333333,0.3333333333333333,0.420619835714305,timestamp,F1
16,retrieve_node_line,retrieval,3.parquet,VectorDB,"{'top_k': 20, 'embedding_model': 'upstage_embed', 'return_metadata': 'source'}",0.3269929091135661,0.0634920634920634,0.6666666666666666,0.0333333333333333,False,20,upstage_embed,,,,,0.3333333333333333,0.3333333333333333,0.420619835714305,source,F1
16,retrieve_node_line,retrieval,4.parquet,VectorDB,"{'top_k': 20, 'embedding_model': 'upstage_embed', 'return_metadata': 'content'}",0.316994587580363,0.0634920634920634,0.6666666666666666,0.0333333333333333,False,20,upstage_embed,,,,,0.3333333333333333,0.3333333333333333,0.420619835714305,content,F1
16,retrieve_node_line,retrieval,5.parquet,VectorDB,"{'top_k': 20, 'embedding_model': 'upstage_embed', 'return_metadata': 'timestamp'}",0.2568343480428059,0.0634920634920634,0.6666666666666666,0.0333333333333333,False,20,upstage_embed,,,,,0.3333333333333333,0.3333333333333333,0.420619835714305,timestamp,F1
16,retrieve_node_line,retrieval,6.parquet,VectorDB,"{'top_k': 20, 'embedding_model': 'cohere_embed', 'return_metadata': 'source'}",0.311722199122111,0.0634920634920634,0.6666666666666666,0.0333333333333333,False,20,cohere_embed,,,,,0.3333333333333333,0.3333333333333333,0.420619835714305,source,F1
16,retrieve_node_line,retrieval,7.parquet,VectorDB,"{'top_k': 20, 'embedding_model': 'cohere_embed', 'return_metadata': 'content'}",0.2670633792877197,0.0634920634920634,0.6666666666666666,0.0333333333333333,False,20,cohere_embed,,,,,0.3333333333333333,0.3333333333333333,0.420619835714305,content,F1
16,retrieve_node_line,retrieval,8.parquet,VectorDB,"{'top_k': 20, 'embedding_model': 'cohere_embed', 'return_metadata': 'timestamp'}",0.3185180823008219,0.0634920634920634,0.6666666666666666,0.0333333333333333,False,20,cohere_embed,,,,,0.3333333333333333,0.3333333333333333,0.420619835714305,timestamp,F1
16,retrieve_node_line,retrieval,9.parquet,VectorDB,"{'top_k': 20, 'embedding_model': 'huggingface_bge_m3', 'return_metadata': 'source'}",0.3113915920257568,0.0634920634920634,0.6666666666666666,0.0333333333333333,False,20,huggingface_bge_m3,,,,,0.3333333333333333,0.3333333333333333,0.420619835714305,source,F1
16,retrieve_node_line,retrieval,10.parquet,VectorDB,"{'top_k': 20, 'embedding_model': 'huggingface_bge_m3', 'return_metadata': 'content'}",0.2661431630452474,0.0634920634920634,0.6666666666666666,0.0333333333333333,False,20,huggingface_bge_m3,,,,,0.3333333333333333,0.3333333333333333,0.420619835714305,content,F1
16,retrieve_node_line,retrieval,11.parquet,VectorDB,"{'top_k': 20, 'embedding_model': 'huggingface_bge_m3', 'return_metadata': 'timestamp'}",0.2544747988382975,0.0634920634920634,0.6666666666666666,0.0333333333333333,False,20,huggingface_bge_m3,,,,,0.3333333333333333,0.3333333333333333,0.420619835714305,timestamp,F1
16,retrieve_node_line,retrieval,12.parquet,VectorDB,"{'top_k': 20, 'embedding_model': 'huggingface_cointegrated_rubert_tiny2', 'return_metadata': 'source'}",0.2879229386647542,0.0634920634920634,0.6666666666666666,0.0333333333333333,False,20,huggingface_cointegrated_rubert_tiny2,,,,,0.3333333333333333,0.3333333333333333,0.420619835714305,source,F1
16,retrieve_node_line,retrieval,13.parquet,VectorDB,"{'top_k': 20, 'embedding_model': 'huggingface_cointegrated_rubert_tiny2', 'return_metadata': 'content'}",0.2604800860087077,0.0634920634920634,0.6666666666666666,0.0333333333333333,False,20,huggingface_cointegrated_rubert_tiny2,,,,,0.3333333333333333,0.3333333333333333,0.420619835714305,content,F1
16,retrieve_node_line,retrieval,14.parquet,VectorDB,"{'top_k': 20, 'embedding_model': 'huggingface_cointegrated_rubert_tiny2', 'return_metadata': 'timestamp'}",0.2686398824055989,0.0634920634920634,0.6666666666666666,0.0333333333333333,False,20,huggingface_cointegrated_rubert_tiny2,,,,,0.3333333333333333,0.3333333333333333,0.420619835714305,timestamp,F1
16,retrieve_node_line,retrieval,15.parquet,VectorDB,"{'top_k': 20, 'embedding_model': 'huggingface_baai_bge_small', 'return_metadata': 'source'}",0.2511865297953288,0.0634920634920634,0.6666666666666666,0.0333333333333333,False,20,huggingface_baai_bge_small,,,,,0.3333333333333333,0.3333333333333333,0.420619835714305,source,F1
16,retrieve_node_line,retrieval,16.parquet,VectorDB,"{'top_k': 20, 'embedding_model': 'huggingface_baai_bge_small', 'return_metadata': 'content'}",0.3153237501780192,0.0634920634920634,0.6666666666666666,0.0333333333333333,False,20,huggingface_baai_bge_small,,,,,0.3333333333333333,0.3333333333333333,0.420619835714305,content,F1
16,retrieve_node_line,retrieval,17.parquet,VectorDB,"{'top_k': 20, 'embedding_model': 'huggingface_baai_bge_small', 'return_metadata': 'timestamp'}",0.2637283007303874,0.0634920634920634,0.6666666666666666,0.0333333333333333,False,20,huggingface_baai_bge_small,,,,,0.3333333333333333,0.3333333333333333,0.420619835714305,timestamp,F1
16,retrieve_node_line,retrieval,18.parquet,VectorDB,"{'top_k': 20, 'embedding_model': {'type': 'huggingface', 'model_name': 'colbert-ir/colbertv2.0'}, 'return_metadata': 'source'}",0.2490964730580648,0.0634920634920634,0.6666666666666666,0.0333333333333333,False,20,"{'type': 'huggingface', 'model_name': 'colbert-ir/colbertv2.0'}",,,,,0.3333333333333333,0.3333333333333333,0.420619835714305,source,F1
16,retrieve_node_line,retrieval,19.parquet,VectorDB,"{'top_k': 20, 'embedding_model': {'type': 'huggingface', 'model_name': 'colbert-ir/colbertv2.0'}, 'return_metadata': 'content'}",0.3543726603190104,0.0634920634920634,0.6666666666666666,0.0333333333333333,False,20,"{'type': 'huggingface', 'model_name': 'colbert-ir/colbertv2.0'}",,,,,0.3333333333333333,0.3333333333333333,0.420619835714305,content,F1
16,retrieve_node_line,retrieval,20.parquet,VectorDB,"{'top_k': 20, 'embedding_model': {'type': 'huggingface', 'model_name': 'colbert-ir/colbertv2.0'}, 'return_metadata': 'timestamp'}",0.2527512709299723,0.0634920634920634,0.6666666666666666,0.0333333333333333,False,20,"{'type': 'huggingface', 'model_name': 'colbert-ir/colbertv2.0'}",,,,,0.3333333333333333,0.3333333333333333,0.420619835714305,timestamp,F1
16,retrieve_node_line,retrieval,21.parquet,VectorDB,"{'top_k': 20, 'embedding_model': {'type': 'huggingface', 'model_name': 'intfloat/e5-large-v2'}, 'return_metadata': 'source'}",0.2949489752451579,0.0634920634920634,0.6666666666666666,0.0333333333333333,False,20,"{'type': 'huggingface', 'model_name': 'intfloat/e5-large-v2'}",,,,,0.3333333333333333,0.3333333333333333,0.420619835714305,source,F1
16,retrieve_node_line,retrieval,22.parquet,VectorDB,"{'top_k': 20, 'embedding_model': {'type': 'huggingface', 'model_name': 'intfloat/e5-large-v2'}, 'return_metadata': 'content'}",0.2886096636454264,0.0634920634920634,0.6666666666666666,0.0333333333333333,False,20,"{'type': 'huggingface', 'model_name': 'intfloat/e5-large-v2'}",,,,,0.3333333333333333,0.3333333333333333,0.420619835714305,content,F1
16,retrieve_node_line,retrieval,23.parquet,VectorDB,"{'top_k': 20, 'embedding_model': {'type': 'huggingface', 'model_name': 'intfloat/e5-large-v2'}, 'return_metadata': 'timestamp'}",0.2820540269215901,0.0634920634920634,0.6666666666666666,0.0333333333333333,False,20,"{'type': 'huggingface', 'model_name': 'intfloat/e5-large-v2'}",,,,,0.3333333333333333,0.3333333333333333,0.420619835714305,timestamp,F1
16,retrieve_node_line,retrieval,24.parquet,VectorDB,"{'top_k': 20, 'embedding_model': {'type': 'huggingface', 'model_name': 'Salesforce/SFR-Embedding-2_R'}, 'return_metadata': 'source'}",0.2628612518310547,0.0634920634920634,0.6666666666666666,0.0333333333333333,False,20,"{'type': 'huggingface', 'model_name': 'Salesforce/SFR-Embedding-2_R'}",,,,,0.3333333333333333,0.3333333333333333,0.420619835714305,source,F1
16,retrieve_node_line,retrieval,25.parquet,VectorDB,"{'top_k': 20, 'embedding_model': {'type': 'huggingface', 'model_name': 'Salesforce/SFR-Embedding-2_R'}, 'return_metadata': 'content'}",0.2564667065938313,0.0634920634920634,0.6666666666666666,0.0333333333333333,False,20,"{'type': 'huggingface', 'model_name': 'Salesforce/SFR-Embedding-2_R'}",,,,,0.3333333333333333,0.3333333333333333,0.420619835714305,content,F1
16,retrieve_node_line,retrieval,26.parquet,VectorDB,"{'top_k': 20, 'embedding_model': {'type': 'huggingface', 'model_name': 'Salesforce/SFR-Embedding-2_R'}, 'return_metadata': 'timestamp'}",0.3341504732767741,0.0634920634920634,0.6666666666666666,0.0333333333333333,False,20,"{'type': 'huggingface', 'model_name': 'Salesforce/SFR-Embedding-2_R'}",,,,,0.3333333333333333,0.3333333333333333,0.420619835714305,timestamp,F1
16,retrieve_node_line,retrieval,27.parquet,VectorDB,"{'top_k': 20, 'embedding_model': {'type': 'huggingface', 'model_name': 'Alibaba-NLP/gte-Qwen2-7B-instruct'}, 'return_metadata': 'source'}",0.2758004665374756,0.0634920634920634,0.6666666666666666,0.0333333333333333,False,20,"{'type': 'huggingface', 'model_name': 'Alibaba-NLP/gte-Qwen2-7B-instruct'}",,,,,0.3333333333333333,0.3333333333333333,0.420619835714305,source,F1
16,retrieve_node_line,retrieval,28.parquet,VectorDB,"{'top_k': 20, 'embedding_model': {'type': 'huggingface', 'model_name': 'Alibaba-NLP/gte-Qwen2-7B-instruct'}, 'return_metadata': 'content'}",0.2538527647654215,0.0634920634920634,0.6666666666666666,0.0333333333333333,False,20,"{'type': 'huggingface', 'model_name': 'Alibaba-NLP/gte-Qwen2-7B-instruct'}",,,,,0.3333333333333333,0.3333333333333333,0.420619835714305,content,F1
16,retrieve_node_line,retrieval,29.parquet,VectorDB,"{'top_k': 20, 'embedding_model': {'type': 'huggingface', 'model_name': 'Alibaba-NLP/gte-Qwen2-7B-instruct'}, 'return_metadata': 'timestamp'}",0.3558302720387776,0.0634920634920634,0.6666666666666666,0.0333333333333333,False,20,"{'type': 'huggingface', 'model_name': 'Alibaba-NLP/gte-Qwen2-7B-instruct'}",,,,,0.3333333333333333,0.3333333333333333,0.420619835714305,timestamp,F1
16,retrieve_node_line,retrieval,30.parquet,BM25,{'top_k': 20},0.0845975875854492,0.0634920634920634,0.6666666666666666,0.0333333333333333,False,20,,,,,,0.5,0.5,0.5436432511904858,,F1
16,retrieve_node_line,retrieval,31.parquet,HybridRRF,"{'top_k': 20, 'target_modules': ('VectorDB', 'BM25'), 'rrf_k': 10, 'weight': 4.0, 'target_module_params': ({'top_k': 20, 'embedding_model': 'huggingface_all_mpnet_base_v2', 'return_metadata': 'source'}, {'top_k': 20})}",0.4946593443552653,0.0634920634920634,0.6666666666666666,0.0333333333333333,False,20,huggingface_all_mpnet_base_v2,"('VectorDB', 'BM25')",10.0,4.0,,0.5,0.5,0.5436432511904858,,F1
16,retrieve_node_line,retrieval,32.parquet,HybridRRF,"{'top_k': 20, 'target_modules': ('VectorDB', 'BM25'), 'rrf_k': 3, 'weight': 4.0, 'target_module_params': ({'top_k': 20, 'embedding_model': 'huggingface_all_mpnet_base_v2', 'return_metadata': 'source'}, {'top_k': 20})}",0.4946593443552653,0.0634920634920634,0.6666666666666666,0.0333333333333333,False,20,huggingface_all_mpnet_base_v2,"('VectorDB', 'BM25')",3.0,4.0,,0.5,0.5,0.5436432511904858,,F1
16,retrieve_node_line,retrieval,33.parquet,HybridRRF,"{'top_k': 20, 'target_modules': ('VectorDB', 'BM25'), 'rrf_k': 5, 'weight': 4.0, 'target_module_params': ({'top_k': 20, 'embedding_model': 'huggingface_all_mpnet_base_v2', 'return_metadata': 'source'}, {'top_k': 20})}",0.4946593443552653,0.0634920634920634,0.6666666666666666,0.0333333333333333,False,20,huggingface_all_mpnet_base_v2,"('VectorDB', 'BM25')",5.0,4.0,,0.5,0.5,0.5436432511904858,,F1
16,retrieve_node_line,retrieval,34.parquet,HybridCC,"{'top_k': 20, 'target_modules': ('VectorDB', 'BM25'), 'weights': (0.5, 0.5), 'weight': 0.08, 'target_module_params': ({'top_k': 20, 'embedding_model': 'huggingface_all_mpnet_base_v2', 'return_metadata': 'source'}, {'top_k': 20})}",0.4946593443552653,0.0634920634920634,0.6666666666666666,0.0333333333333333,True,20,huggingface_all_mpnet_base_v2,"('VectorDB', 'BM25')",,0.08,"(0.5, 0.5)",0.6666666666666666,0.6666666666666666,0.6666666666666666,,F1
16,retrieve_node_line,retrieval,35.parquet,HybridCC,"{'top_k': 20, 'target_modules': ('VectorDB', 'BM25'), 'weights': (0.7, 0.3), 'weight': 0.08, 'target_module_params': ({'top_k': 20, 'embedding_model': 'huggingface_all_mpnet_base_v2', 'return_metadata': 'source'}, {'top_k': 20})}",0.4946593443552653,0.0634920634920634,0.6666666666666666,0.0333333333333333,False,20,huggingface_all_mpnet_base_v2,"('VectorDB', 'BM25')",,0.08,"(0.7, 0.3)",0.6666666666666666,0.6666666666666666,0.6666666666666666,,F1
16,retrieve_node_line,retrieval,36.parquet,HybridCC,"{'top_k': 20, 'target_modules': ('VectorDB', 'BM25'), 'weights': (0.3, 0.7), 'weight': 0.08, 'target_module_params': ({'top_k': 20, 'embedding_model': 'huggingface_all_mpnet_base_v2', 'return_metadata': 'source'}, {'top_k': 20})}",0.4946593443552653,0.0634920634920634,0.6666666666666666,0.0333333333333333,False,20,huggingface_all_mpnet_base_v2,"('VectorDB', 'BM25')",,0.08,"(0.3, 0.7)",0.6666666666666666,0.6666666666666666,0.6666666666666666,,F1
6,retrieve_node_line,retrieval,0.parquet,VectorDB,"{'top_k': 20, 'embedding_model': 'huggingface_all_mpnet_base_v2', 'return_metadata': 'timestamp'}",0.1289846897125244,0.0634920634920634,0.6666666666666666,0.0333333333333333,False,20,huggingface_all_mpnet_base_v2,,,,,0.3333333333333333,0.3333333333333333,0.420619835714305,timestamp,F1
6,retrieve_node_line,retrieval,1.parquet,VectorDB,"{'top_k': 20, 'embedding_model': 'huggingface_all_mpnet_base_v2', 'return_metadata': 'content'}",0.303742249806722,0.0634920634920634,0.6666666666666666,0.0333333333333333,False,20,huggingface_all_mpnet_base_v2,,,,,0.3333333333333333,0.3333333333333333,0.420619835714305,content,F1
6,retrieve_node_line,retrieval,2.parquet,VectorDB,"{'top_k': 20, 'embedding_model': 'huggingface_all_mpnet_base_v2', 'return_metadata': 'source'}",0.2772085666656494,0.0634920634920634,0.6666666666666666,0.0333333333333333,False,20,huggingface_all_mpnet_base_v2,,,,,0.3333333333333333,0.3333333333333333,0.420619835714305,source,F1
6,retrieve_node_line,retrieval,3.parquet,VectorDB,"{'top_k': 20, 'embedding_model': 'upstage_embed', 'return_metadata': 'timestamp'}",0.4303490320841471,0.0634920634920634,0.6666666666666666,0.0333333333333333,False,20,upstage_embed,,,,,0.3333333333333333,0.3333333333333333,0.420619835714305,timestamp,F1
6,retrieve_node_line,retrieval,4.parquet,VectorDB,"{'top_k': 20, 'embedding_model': 'upstage_embed', 'return_metadata': 'content'}",0.352151870727539,0.0634920634920634,0.6666666666666666,0.0333333333333333,False,20,upstage_embed,,,,,0.3333333333333333,0.3333333333333333,0.420619835714305,content,F1
6,retrieve_node_line,retrieval,5.parquet,VectorDB,"{'top_k': 20, 'embedding_model': 'upstage_embed', 'return_metadata': 'source'}",0.2633781433105469,0.0634920634920634,0.6666666666666666,0.0333333333333333,False,20,upstage_embed,,,,,0.3333333333333333,0.3333333333333333,0.420619835714305,source,F1
6,retrieve_node_line,retrieval,6.parquet,VectorDB,"{'top_k': 20, 'embedding_model': 'cohere_embed', 'return_metadata': 'timestamp'}",0.2962936560312907,0.0634920634920634,0.6666666666666666,0.0333333333333333,False,20,cohere_embed,,,,,0.3333333333333333,0.3333333333333333,0.420619835714305,timestamp,F1
6,retrieve_node_line,retrieval,7.parquet,VectorDB,"{'top_k': 20, 'embedding_model': 'cohere_embed', 'return_metadata': 'content'}",0.333325703938802,0.0634920634920634,0.6666666666666666,0.0333333333333333,False,20,cohere_embed,,,,,0.3333333333333333,0.3333333333333333,0.420619835714305,content,F1
6,retrieve_node_line,retrieval,8.parquet,VectorDB,"{'top_k': 20, 'embedding_model': 'cohere_embed', 'return_metadata': 'source'}",0.3497740427652995,0.0634920634920634,0.6666666666666666,0.0333333333333333,False,20,cohere_embed,,,,,0.3333333333333333,0.3333333333333333,0.420619835714305,source,F1
6,retrieve_node_line,retrieval,9.parquet,VectorDB,"{'top_k': 20, 'embedding_model': 'huggingface_bge_m3', 'return_metadata': 'timestamp'}",0.626594622929891,0.0634920634920634,0.6666666666666666,0.0333333333333333,False,20,huggingface_bge_m3,,,,,0.3333333333333333,0.3333333333333333,0.420619835714305,timestamp,F1
6,retrieve_node_line,retrieval,10.parquet,VectorDB,"{'top_k': 20, 'embedding_model': 'huggingface_bge_m3', 'return_metadata': 'content'}",0.9392600854237876,0.0634920634920634,0.6666666666666666,0.0333333333333333,False,20,huggingface_bge_m3,,,,,0.3333333333333333,0.3333333333333333,0.420619835714305,content,F1
6,retrieve_node_line,retrieval,11.parquet,VectorDB,"{'top_k': 20, 'embedding_model': 'huggingface_bge_m3', 'return_metadata': 'source'}",0.3026494185129801,0.0634920634920634,0.6666666666666666,0.0333333333333333,False,20,huggingface_bge_m3,,,,,0.3333333333333333,0.3333333333333333,0.420619835714305,source,F1
6,retrieve_node_line,retrieval,12.parquet,VectorDB,"{'top_k': 20, 'embedding_model': 'huggingface_cointegrated_rubert_tiny2', 'return_metadata': 'timestamp'}",0.3842742443084717,0.0634920634920634,0.6666666666666666,0.0333333333333333,False,20,huggingface_cointegrated_rubert_tiny2,,,,,0.3333333333333333,0.3333333333333333,0.420619835714305,timestamp,F1
6,retrieve_node_line,retrieval,13.parquet,VectorDB,"{'top_k': 20, 'embedding_model': 'huggingface_cointegrated_rubert_tiny2', 'return_metadata': 'content'}",0.2865401109059651,0.0634920634920634,0.6666666666666666,0.0333333333333333,False,20,huggingface_cointegrated_rubert_tiny2,,,,,0.3333333333333333,0.3333333333333333,0.420619835714305,content,F1
6,retrieve_node_line,retrieval,14.parquet,VectorDB,"{'top_k': 20, 'embedding_model': 'huggingface_cointegrated_rubert_tiny2', 'return_metadata': 'source'}",0.2798401514689128,0.0634920634920634,0.6666666666666666,0.0333333333333333,False,20,huggingface_cointegrated_rubert_tiny2,,,,,0.3333333333333333,0.3333333333333333,0.420619835714305,source,F1
6,retrieve_node_line,retrieval,15.parquet,VectorDB,"{'top_k': 20, 'embedding_model': 'huggingface_baai_bge_small', 'return_metadata': 'timestamp'}",0.5897006193796793,0.0634920634920634,0.6666666666666666,0.0333333333333333,False,20,huggingface_baai_bge_small,,,,,0.3333333333333333,0.3333333333333333,0.420619835714305,timestamp,F1
6,retrieve_node_line,retrieval,16.parquet,VectorDB,"{'top_k': 20, 'embedding_model': 'huggingface_baai_bge_small', 'return_metadata': 'content'}",0.2631857395172119,0.0634920634920634,0.6666666666666666,0.0333333333333333,False,20,huggingface_baai_bge_small,,,,,0.3333333333333333,0.3333333333333333,0.420619835714305,content,F1
6,retrieve_node_line,retrieval,17.parquet,VectorDB,"{'top_k': 20, 'embedding_model': 'huggingface_baai_bge_small', 'return_metadata': 'source'}",0.294285774230957,0.0634920634920634,0.6666666666666666,0.0333333333333333,False,20,huggingface_baai_bge_small,,,,,0.3333333333333333,0.3333333333333333,0.420619835714305,source,F1
6,retrieve_node_line,retrieval,18.parquet,VectorDB,"{'top_k': 20, 'embedding_model': {'type': 'huggingface', 'model_name': 'colbert-ir/colbertv2.0'}, 'return_metadata': 'timestamp'}",0.3137832482655843,0.0634920634920634,0.6666666666666666,0.0333333333333333,False,20,"{'type': 'huggingface', 'model_name': 'colbert-ir/colbertv2.0'}",,,,,0.3333333333333333,0.3333333333333333,0.420619835714305,timestamp,F1
6,retrieve_node_line,retrieval,19.parquet,VectorDB,"{'top_k': 20, 'embedding_model': {'type': 'huggingface', 'model_name': 'colbert-ir/colbertv2.0'}, 'return_metadata': 'content'}",0.8841578960418701,0.0634920634920634,0.6666666666666666,0.0333333333333333,False,20,"{'type': 'huggingface', 'model_name': 'colbert-ir/colbertv2.0'}",,,,,0.3333333333333333,0.3333333333333333,0.420619835714305,content,F1
6,retrieve_node_line,retrieval,20.parquet,VectorDB,"{'top_k': 20, 'embedding_model': {'type': 'huggingface', 'model_name': 'colbert-ir/colbertv2.0'}, 'return_metadata': 'source'}",0.4610521793365478,0.0634920634920634,0.6666666666666666,0.0333333333333333,False,20,"{'type': 'huggingface', 'model_name': 'colbert-ir/colbertv2.0'}",,,,,0.3333333333333333,0.3333333333333333,0.420619835714305,source,F1
6,retrieve_node_line,retrieval,21.parquet,VectorDB,"{'top_k': 20, 'embedding_model': {'type': 'huggingface', 'model_name': 'intfloat/e5-large-v2'}, 'return_metadata': 'timestamp'}",0.3500942389170329,0.0634920634920634,0.6666666666666666,0.0333333333333333,False,20,"{'type': 'huggingface', 'model_name': 'intfloat/e5-large-v2'}",,,,,0.3333333333333333,0.3333333333333333,0.420619835714305,timestamp,F1
6,retrieve_node_line,retrieval,22.parquet,VectorDB,"{'top_k': 20, 'embedding_model': {'type': 'huggingface', 'model_name': 'intfloat/e5-large-v2'}, 'return_metadata': 'content'}",0.2568629582722981,0.0634920634920634,0.6666666666666666,0.0333333333333333,False,20,"{'type': 'huggingface', 'model_name': 'intfloat/e5-large-v2'}",,,,,0.3333333333333333,0.3333333333333333,0.420619835714305,content,F1
6,retrieve_node_line,retrieval,23.parquet,VectorDB,"{'top_k': 20, 'embedding_model': {'type': 'huggingface', 'model_name': 'intfloat/e5-large-v2'}, 'return_metadata': 'source'}",0.3271373112996419,0.0634920634920634,0.6666666666666666,0.0333333333333333,False,20,"{'type': 'huggingface', 'model_name': 'intfloat/e5-large-v2'}",,,,,0.3333333333333333,0.3333333333333333,0.420619835714305,source,F1
6,retrieve_node_line,retrieval,24.parquet,VectorDB,"{'top_k': 20, 'embedding_model': {'type': 'huggingface', 'model_name': 'Salesforce/SFR-Embedding-2_R'}, 'return_metadata': 'timestamp'}",0.2508127689361572,0.0634920634920634,0.6666666666666666,0.0333333333333333,False,20,"{'type': 'huggingface', 'model_name': 'Salesforce/SFR-Embedding-2_R'}",,,,,0.3333333333333333,0.3333333333333333,0.420619835714305,timestamp,F1
6,retrieve_node_line,retrieval,25.parquet,VectorDB,"{'top_k': 20, 'embedding_model': {'type': 'huggingface', 'model_name': 'Salesforce/SFR-Embedding-2_R'}, 'return_metadata': 'content'}",0.2639417648315429,0.0634920634920634,0.6666666666666666,0.0333333333333333,False,20,"{'type': 'huggingface', 'model_name': 'Salesforce/SFR-Embedding-2_R'}",,,,,0.3333333333333333,0.3333333333333333,0.420619835714305,content,F1
6,retrieve_node_line,retrieval,26.parquet,VectorDB,"{'top_k': 20, 'embedding_model': {'type': 'huggingface', 'model_name': 'Salesforce/SFR-Embedding-2_R'}, 'return_metadata': 'source'}",0.2682109673817952,0.0634920634920634,0.6666666666666666,0.0333333333333333,False,20,"{'type': 'huggingface', 'model_name': 'Salesforce/SFR-Embedding-2_R'}",,,,,0.3333333333333333,0.3333333333333333,0.420619835714305,source,F1
6,retrieve_node_line,retrieval,27.parquet,VectorDB,"{'top_k': 20, 'embedding_model': {'type': 'huggingface', 'model_name': 'Alibaba-NLP/gte-Qwen2-7B-instruct'}, 'return_metadata': 'timestamp'}",0.2423365910847982,0.0634920634920634,0.6666666666666666,0.0333333333333333,False,20,"{'type': 'huggingface', 'model_name': 'Alibaba-NLP/gte-Qwen2-7B-instruct'}",,,,,0.3333333333333333,0.3333333333333333,0.420619835714305,timestamp,F1
6,retrieve_node_line,retrieval,28.parquet,VectorDB,"{'top_k': 20, 'embedding_model': {'type': 'huggingface', 'model_name': 'Alibaba-NLP/gte-Qwen2-7B-instruct'}, 'return_metadata': 'content'}",0.3166850407918294,0.0634920634920634,0.6666666666666666,0.0333333333333333,False,20,"{'type': 'huggingface', 'model_name': 'Alibaba-NLP/gte-Qwen2-7B-instruct'}",,,,,0.3333333333333333,0.3333333333333333,0.420619835714305,content,F1
6,retrieve_node_line,retrieval,29.parquet,VectorDB,"{'top_k': 20, 'embedding_model': {'type': 'huggingface', 'model_name': 'Alibaba-NLP/gte-Qwen2-7B-instruct'}, 'return_metadata': 'source'}",0.2922112941741943,0.0634920634920634,0.6666666666666666,0.0333333333333333,False,20,"{'type': 'huggingface', 'model_name': 'Alibaba-NLP/gte-Qwen2-7B-instruct'}",,,,,0.3333333333333333,0.3333333333333333,0.420619835714305,source,F1
6,retrieve_node_line,retrieval,30.parquet,BM25,{'top_k': 20},0.0842568079630533,0.0634920634920634,0.6666666666666666,0.0333333333333333,False,20,,,,,,0.5,0.5,0.5436432511904858,,F1
6,retrieve_node_line,retrieval,31.parquet,HybridRRF,"{'top_k': 20, 'target_modules': ('VectorDB', 'BM25'), 'rrf_k': 10, 'weight': 4.0, 'target_module_params': ({'top_k': 20, 'embedding_model': 'huggingface_all_mpnet_base_v2', 'return_metadata': 'timestamp'}, {'top_k': 20})}",0.2132414976755778,0.0634920634920634,0.6666666666666666,0.0333333333333333,False,20,huggingface_all_mpnet_base_v2,"('VectorDB', 'BM25')",10.0,4.0,,0.5,0.5,0.5436432511904858,,F1
6,retrieve_node_line,retrieval,32.parquet,HybridRRF,"{'top_k': 20, 'target_modules': ('VectorDB', 'BM25'), 'rrf_k': 3, 'weight': 4.0, 'target_module_params': ({'top_k': 20, 'embedding_model': 'huggingface_all_mpnet_base_v2', 'return_metadata': 'timestamp'}, {'top_k': 20})}",0.2132414976755778,0.0634920634920634,0.6666666666666666,0.0333333333333333,False,20,huggingface_all_mpnet_base_v2,"('VectorDB', 'BM25')",3.0,4.0,,0.5,0.5,0.5436432511904858,,F1
6,retrieve_node_line,retrieval,33.parquet,HybridRRF,"{'top_k': 20, 'target_modules': ('VectorDB', 'BM25'), 'rrf_k': 5, 'weight': 4.0, 'target_module_params': ({'top_k': 20, 'embedding_model': 'huggingface_all_mpnet_base_v2', 'return_metadata': 'timestamp'}, {'top_k': 20})}",0.2132414976755778,0.0634920634920634,0.6666666666666666,0.0333333333333333,False,20,huggingface_all_mpnet_base_v2,"('VectorDB', 'BM25')",5.0,4.0,,0.5,0.5,0.5436432511904858,,F1
6,retrieve_node_line,retrieval,34.parquet,HybridCC,"{'top_k': 20, 'target_modules': ('VectorDB', 'BM25'), 'weights': (0.5, 0.5), 'weight': 0.08, 'target_module_params': ({'top_k': 20, 'embedding_model': 'huggingface_all_mpnet_base_v2', 'return_metadata': 'timestamp'}, {'top_k': 20})}",0.2132414976755778,0.0634920634920634,0.6666666666666666,0.0333333333333333,True,20,huggingface_all_mpnet_base_v2,"('VectorDB', 'BM25')",,0.08,"(0.5, 0.5)",0.6666666666666666,0.6666666666666666,0.6666666666666666,,F1
6,retrieve_node_line,retrieval,35.parquet,HybridCC,"{'top_k': 20, 'target_modules': ('VectorDB', 'BM25'), 'weights': (0.7, 0.3), 'weight': 0.08, 'target_module_params': ({'top_k': 20, 'embedding_model': 'huggingface_all_mpnet_base_v2', 'return_metadata': 'timestamp'}, {'top_k': 20})}",0.2132414976755778,0.0634920634920634,0.6666666666666666,0.0333333333333333,False,20,huggingface_all_mpnet_base_v2,"('VectorDB', 'BM25')",,0.08,"(0.7, 0.3)",0.6666666666666666,0.6666666666666666,0.6666666666666666,,F1
6,retrieve_node_line,retrieval,36.parquet,HybridCC,"{'top_k': 20, 'target_modules': ('VectorDB', 'BM25'), 'weights': (0.3, 0.7), 'weight': 0.08, 'target_module_params': ({'top_k': 20, 'embedding_model': 'huggingface_all_mpnet_base_v2', 'return_metadata': 'timestamp'}, {'top_k': 20})}",0.2132414976755778,0.0634920634920634,0.6666666666666666,0.0333333333333333,False,20,huggingface_all_mpnet_base_v2,"('VectorDB', 'BM25')",,0.08,"(0.3, 0.7)",0.6666666666666666,0.6666666666666666,0.6666666666666666,,F1
7,retrieve_node_line,retrieval,0.parquet,VectorDB,"{'top_k': 20, 'embedding_model': 'huggingface_all_mpnet_base_v2', 'return_metadata': 'timestamp'}",0.1498941580454508,0.0634920634920634,0.6666666666666666,0.0333333333333333,False,20,huggingface_all_mpnet_base_v2,,,,,0.3333333333333333,0.3333333333333333,0.420619835714305,timestamp,F1
7,retrieve_node_line,retrieval,1.parquet,VectorDB,"{'top_k': 20, 'embedding_model': 'huggingface_all_mpnet_base_v2', 'return_metadata': 'content'}",0.3213210105895996,0.0634920634920634,0.6666666666666666,0.0333333333333333,False,20,huggingface_all_mpnet_base_v2,,,,,0.3333333333333333,0.3333333333333333,0.420619835714305,content,F1
7,retrieve_node_line,retrieval,2.parquet,VectorDB,"{'top_k': 20, 'embedding_model': 'huggingface_all_mpnet_base_v2', 'return_metadata': 'source'}",0.280854860941569,0.0634920634920634,0.6666666666666666,0.0333333333333333,False,20,huggingface_all_mpnet_base_v2,,,,,0.3333333333333333,0.3333333333333333,0.420619835714305,source,F1
7,retrieve_node_line,retrieval,3.parquet,VectorDB,"{'top_k': 20, 'embedding_model': 'upstage_embed', 'return_metadata': 'timestamp'}",0.3117502530415852,0.0634920634920634,0.6666666666666666,0.0333333333333333,False,20,upstage_embed,,,,,0.3333333333333333,0.3333333333333333,0.420619835714305,timestamp,F1
7,retrieve_node_line,retrieval,4.parquet,VectorDB,"{'top_k': 20, 'embedding_model': 'upstage_embed', 'return_metadata': 'content'}",0.2910472551981608,0.0634920634920634,0.6666666666666666,0.0333333333333333,False,20,upstage_embed,,,,,0.3333333333333333,0.3333333333333333,0.420619835714305,content,F1
7,retrieve_node_line,retrieval,5.parquet,VectorDB,"{'top_k': 20, 'embedding_model': 'upstage_embed', 'return_metadata': 'source'}",0.3002363840738932,0.0634920634920634,0.6666666666666666,0.0333333333333333,False,20,upstage_embed,,,,,0.3333333333333333,0.3333333333333333,0.420619835714305,source,F1
7,retrieve_node_line,retrieval,6.parquet,VectorDB,"{'top_k': 20, 'embedding_model': 'cohere_embed', 'return_metadata': 'timestamp'}",0.2700452009836833,0.0634920634920634,0.6666666666666666,0.0333333333333333,False,20,cohere_embed,,,,,0.3333333333333333,0.3333333333333333,0.420619835714305,timestamp,F1
7,retrieve_node_line,retrieval,7.parquet,VectorDB,"{'top_k': 20, 'embedding_model': 'cohere_embed', 'return_metadata': 'content'}",0.2601071993509928,0.0634920634920634,0.6666666666666666,0.0333333333333333,False,20,cohere_embed,,,,,0.3333333333333333,0.3333333333333333,0.420619835714305,content,F1
7,retrieve_node_line,retrieval,8.parquet,VectorDB,"{'top_k': 20, 'embedding_model': 'cohere_embed', 'return_metadata': 'source'}",0.2616283893585205,0.0634920634920634,0.6666666666666666,0.0333333333333333,False,20,cohere_embed,,,,,0.3333333333333333,0.3333333333333333,0.420619835714305,source,F1
7,retrieve_node_line,retrieval,9.parquet,VectorDB,"{'top_k': 20, 'embedding_model': 'huggingface_bge_m3', 'return_metadata': 'timestamp'}",0.3247067928314209,0.0634920634920634,0.6666666666666666,0.0333333333333333,False,20,huggingface_bge_m3,,,,,0.3333333333333333,0.3333333333333333,0.420619835714305,timestamp,F1
7,retrieve_node_line,retrieval,10.parquet,VectorDB,"{'top_k': 20, 'embedding_model': 'huggingface_bge_m3', 'return_metadata': 'content'}",0.3190794785817464,0.0634920634920634,0.6666666666666666,0.0333333333333333,False,20,huggingface_bge_m3,,,,,0.3333333333333333,0.3333333333333333,0.420619835714305,content,F1
7,retrieve_node_line,retrieval,11.parquet,VectorDB,"{'top_k': 20, 'embedding_model': 'huggingface_bge_m3', 'return_metadata': 'source'}",0.3197340965270996,0.0634920634920634,0.6666666666666666,0.0333333333333333,False,20,huggingface_bge_m3,,,,,0.3333333333333333,0.3333333333333333,0.420619835714305,source,F1
7,retrieve_node_line,retrieval,12.parquet,VectorDB,"{'top_k': 20, 'embedding_model': 'huggingface_cointegrated_rubert_tiny2', 'return_metadata': 'timestamp'}",0.2752699851989746,0.0634920634920634,0.6666666666666666,0.0333333333333333,False,20,huggingface_cointegrated_rubert_tiny2,,,,,0.3333333333333333,0.3333333333333333,0.420619835714305,timestamp,F1
7,retrieve_node_line,retrieval,13.parquet,VectorDB,"{'top_k': 20, 'embedding_model': 'huggingface_cointegrated_rubert_tiny2', 'return_metadata': 'content'}",0.2774420579274495,0.0634920634920634,0.6666666666666666,0.0333333333333333,False,20,huggingface_cointegrated_rubert_tiny2,,,,,0.3333333333333333,0.3333333333333333,0.420619835714305,content,F1
7,retrieve_node_line,retrieval,14.parquet,VectorDB,"{'top_k': 20, 'embedding_model': 'huggingface_cointegrated_rubert_tiny2', 'return_metadata': 'source'}",0.2869730790456136,0.0634920634920634,0.6666666666666666,0.0333333333333333,False,20,huggingface_cointegrated_rubert_tiny2,,,,,0.3333333333333333,0.3333333333333333,0.420619835714305,source,F1
7,retrieve_node_line,retrieval,15.parquet,VectorDB,"{'top_k': 20, 'embedding_model': 'huggingface_baai_bge_small', 'return_metadata': 'timestamp'}",0.2753315766652425,0.0634920634920634,0.6666666666666666,0.0333333333333333,False,20,huggingface_baai_bge_small,,,,,0.3333333333333333,0.3333333333333333,0.420619835714305,timestamp,F1
7,retrieve_node_line,retrieval,16.parquet,VectorDB,"{'top_k': 20, 'embedding_model': 'huggingface_baai_bge_small', 'return_metadata': 'content'}",0.2494544188181559,0.0634920634920634,0.6666666666666666,0.0333333333333333,False,20,huggingface_baai_bge_small,,,,,0.3333333333333333,0.3333333333333333,0.420619835714305,content,F1
7,retrieve_node_line,retrieval,17.parquet,VectorDB,"{'top_k': 20, 'embedding_model': 'huggingface_baai_bge_small', 'return_metadata': 'source'}",0.2669699192047119,0.0634920634920634,0.6666666666666666,0.0333333333333333,False,20,huggingface_baai_bge_small,,,,,0.3333333333333333,0.3333333333333333,0.420619835714305,source,F1
7,retrieve_node_line,retrieval,18.parquet,VectorDB,"{'top_k': 20, 'embedding_model': {'type': 'huggingface', 'model_name': 'colbert-ir/colbertv2.0'}, 'return_metadata': 'timestamp'}",0.3444143136342366,0.0634920634920634,0.6666666666666666,0.0333333333333333,False,20,"{'type': 'huggingface', 'model_name': 'colbert-ir/colbertv2.0'}",,,,,0.3333333333333333,0.3333333333333333,0.420619835714305,timestamp,F1
7,retrieve_node_line,retrieval,19.parquet,VectorDB,"{'top_k': 20, 'embedding_model': {'type': 'huggingface', 'model_name': 'colbert-ir/colbertv2.0'}, 'return_metadata': 'content'}",0.375861644744873,0.0634920634920634,0.6666666666666666,0.0333333333333333,False,20,"{'type': 'huggingface', 'model_name': 'colbert-ir/colbertv2.0'}",,,,,0.3333333333333333,0.3333333333333333,0.420619835714305,content,F1
7,retrieve_node_line,retrieval,20.parquet,VectorDB,"{'top_k': 20, 'embedding_model': {'type': 'huggingface', 'model_name': 'colbert-ir/colbertv2.0'}, 'return_metadata': 'source'}",0.3024688561757405,0.0634920634920634,0.6666666666666666,0.0333333333333333,False,20,"{'type': 'huggingface', 'model_name': 'colbert-ir/colbertv2.0'}",,,,,0.3333333333333333,0.3333333333333333,0.420619835714305,source,F1
7,retrieve_node_line,retrieval,21.parquet,VectorDB,"{'top_k': 20, 'embedding_model': {'type': 'huggingface', 'model_name': 'intfloat/e5-large-v2'}, 'return_metadata': 'timestamp'}",0.2696590423583984,0.0634920634920634,0.6666666666666666,0.0333333333333333,False,20,"{'type': 'huggingface', 'model_name': 'intfloat/e5-large-v2'}",,,,,0.3333333333333333,0.3333333333333333,0.420619835714305,timestamp,F1
7,retrieve_node_line,retrieval,22.parquet,VectorDB,"{'top_k': 20, 'embedding_model': {'type': 'huggingface', 'model_name': 'intfloat/e5-large-v2'}, 'return_metadata': 'content'}",0.5355591773986816,0.0634920634920634,0.6666666666666666,0.0333333333333333,False,20,"{'type': 'huggingface', 'model_name': 'intfloat/e5-large-v2'}",,,,,0.3333333333333333,0.3333333333333333,0.420619835714305,content,F1
7,retrieve_node_line,retrieval,23.parquet,VectorDB,"{'top_k': 20, 'embedding_model': {'type': 'huggingface', 'model_name': 'intfloat/e5-large-v2'}, 'return_metadata': 'source'}",0.2229142189025879,0.0634920634920634,0.6666666666666666,0.0333333333333333,False,20,"{'type': 'huggingface', 'model_name': 'intfloat/e5-large-v2'}",,,,,0.3333333333333333,0.3333333333333333,0.420619835714305,source,F1
7,retrieve_node_line,retrieval,24.parquet,VectorDB,"{'top_k': 20, 'embedding_model': {'type': 'huggingface', 'model_name': 'Salesforce/SFR-Embedding-2_R'}, 'return_metadata': 'timestamp'}",0.3921050230662028,0.0634920634920634,0.6666666666666666,0.0333333333333333,False,20,"{'type': 'huggingface', 'model_name': 'Salesforce/SFR-Embedding-2_R'}",,,,,0.3333333333333333,0.3333333333333333,0.420619835714305,timestamp,F1
7,retrieve_node_line,retrieval,25.parquet,VectorDB,"{'top_k': 20, 'embedding_model': {'type': 'huggingface', 'model_name': 'Salesforce/SFR-Embedding-2_R'}, 'return_metadata': 'content'}",0.3405657609303792,0.0634920634920634,0.6666666666666666,0.0333333333333333,False,20,"{'type': 'huggingface', 'model_name': 'Salesforce/SFR-Embedding-2_R'}",,,,,0.3333333333333333,0.3333333333333333,0.420619835714305,content,F1
7,retrieve_node_line,retrieval,26.parquet,VectorDB,"{'top_k': 20, 'embedding_model': {'type': 'huggingface', 'model_name': 'Salesforce/SFR-Embedding-2_R'}, 'return_metadata': 'source'}",0.271755297978719,0.0634920634920634,0.6666666666666666,0.0333333333333333,False,20,"{'type': 'huggingface', 'model_name': 'Salesforce/SFR-Embedding-2_R'}",,,,,0.3333333333333333,0.3333333333333333,0.420619835714305,source,F1
7,retrieve_node_line,retrieval,27.parquet,VectorDB,"{'top_k': 20, 'embedding_model': {'type': 'huggingface', 'model_name': 'Alibaba-NLP/gte-Qwen2-7B-instruct'}, 'return_metadata': 'timestamp'}",0.2565743128458659,0.0634920634920634,0.6666666666666666,0.0333333333333333,False,20,"{'type': 'huggingface', 'model_name': 'Alibaba-NLP/gte-Qwen2-7B-instruct'}",,,,,0.3333333333333333,0.3333333333333333,0.420619835714305,timestamp,F1
7,retrieve_node_line,retrieval,28.parquet,VectorDB,"{'top_k': 20, 'embedding_model': {'type': 'huggingface', 'model_name': 'Alibaba-NLP/gte-Qwen2-7B-instruct'}, 'return_metadata': 'content'}",0.2368054389953613,0.0634920634920634,0.6666666666666666,0.0333333333333333,False,20,"{'type': 'huggingface', 'model_name': 'Alibaba-NLP/gte-Qwen2-7B-instruct'}",,,,,0.3333333333333333,0.3333333333333333,0.420619835714305,content,F1
7,retrieve_node_line,retrieval,29.parquet,VectorDB,"{'top_k': 20, 'embedding_model': {'type': 'huggingface', 'model_name': 'Alibaba-NLP/gte-Qwen2-7B-instruct'}, 'return_metadata': 'source'}",0.4777297973632812,0.0634920634920634,0.6666666666666666,0.0333333333333333,False,20,"{'type': 'huggingface', 'model_name': 'Alibaba-NLP/gte-Qwen2-7B-instruct'}",,,,,0.3333333333333333,0.3333333333333333,0.420619835714305,source,F1
7,retrieve_node_line,retrieval,30.parquet,BM25,{'top_k': 20},0.0820785363515218,0.0634920634920634,0.6666666666666666,0.0333333333333333,False,20,,,,,,0.5,0.5,0.5436432511904858,,F1
7,retrieve_node_line,retrieval,31.parquet,HybridRRF,"{'top_k': 20, 'target_modules': ('VectorDB', 'BM25'), 'rrf_k': 10, 'weight': 4.0, 'target_module_params': ({'top_k': 20, 'embedding_model': 'huggingface_all_mpnet_base_v2', 'return_metadata': 'timestamp'}, {'top_k': 20})}",0.2319726943969726,0.0634920634920634,0.6666666666666666,0.0333333333333333,False,20,huggingface_all_mpnet_base_v2,"('VectorDB', 'BM25')",10.0,4.0,,0.5,0.5,0.5436432511904858,,F1
7,retrieve_node_line,retrieval,32.parquet,HybridRRF,"{'top_k': 20, 'target_modules': ('VectorDB', 'BM25'), 'rrf_k': 3, 'weight': 4.0, 'target_module_params': ({'top_k': 20, 'embedding_model': 'huggingface_all_mpnet_base_v2', 'return_metadata': 'timestamp'}, {'top_k': 20})}",0.2319726943969726,0.0634920634920634,0.6666666666666666,0.0333333333333333,False,20,huggingface_all_mpnet_base_v2,"('VectorDB', 'BM25')",3.0,4.0,,0.5,0.5,0.5436432511904858,,F1
7,retrieve_node_line,retrieval,33.parquet,HybridRRF,"{'top_k': 20, 'target_modules': ('VectorDB', 'BM25'), 'rrf_k': 5, 'weight': 4.0, 'target_module_params': ({'top_k': 20, 'embedding_model': 'huggingface_all_mpnet_base_v2', 'return_metadata': 'timestamp'}, {'top_k': 20})}",0.2319726943969726,0.0634920634920634,0.6666666666666666,0.0333333333333333,False,20,huggingface_all_mpnet_base_v2,"('VectorDB', 'BM25')",5.0,4.0,,0.5,0.5,0.5436432511904858,,F1
7,retrieve_node_line,retrieval,34.parquet,HybridCC,"{'top_k': 20, 'target_modules': ('VectorDB', 'BM25'), 'weights': (0.5, 0.5), 'weight': 0.08, 'target_module_params': ({'top_k': 20, 'embedding_model': 'huggingface_all_mpnet_base_v2', 'return_metadata': 'timestamp'}, {'top_k': 20})}",0.2319726943969726,0.0634920634920634,0.6666666666666666,0.0333333333333333,True,20,huggingface_all_mpnet_base_v2,"('VectorDB', 'BM25')",,0.08,"(0.5, 0.5)",0.6666666666666666,0.6666666666666666,0.6666666666666666,,F1
7,retrieve_node_line,retrieval,35.parquet,HybridCC,"{'top_k': 20, 'target_modules': ('VectorDB', 'BM25'), 'weights': (0.7, 0.3), 'weight': 0.08, 'target_module_params': ({'top_k': 20, 'embedding_model': 'huggingface_all_mpnet_base_v2', 'return_metadata': 'timestamp'}, {'top_k': 20})}",0.2319726943969726,0.0634920634920634,0.6666666666666666,0.0333333333333333,False,20,huggingface_all_mpnet_base_v2,"('VectorDB', 'BM25')",,0.08,"(0.7, 0.3)",0.6666666666666666,0.6666666666666666,0.6666666666666666,,F1
7,retrieve_node_line,retrieval,36.parquet,HybridCC,"{'top_k': 20, 'target_modules': ('VectorDB', 'BM25'), 'weights': (0.3, 0.7), 'weight': 0.08, 'target_module_params': ({'top_k': 20, 'embedding_model': 'huggingface_all_mpnet_base_v2', 'return_metadata': 'timestamp'}, {'top_k': 20})}",0.2319726943969726,0.0634920634920634,0.6666666666666666,0.0333333333333333,False,20,huggingface_all_mpnet_base_v2,"('VectorDB', 'BM25')",,0.08,"(0.3, 0.7)",0.6666666666666666,0.6666666666666666,0.6666666666666666,,F1
8,retrieve_node_line,retrieval,0.parquet,VectorDB,"{'top_k': 20, 'embedding_model': 'huggingface_all_mpnet_base_v2', 'return_metadata': 'content'}",1.343613068262736,0.0634920634920634,0.6666666666666666,0.0333333333333333,False,20,huggingface_all_mpnet_base_v2,,,,,0.3333333333333333,0.3333333333333333,0.420619835714305,content,F1
8,retrieve_node_line,retrieval,1.parquet,VectorDB,"{'top_k': 20, 'embedding_model': 'huggingface_all_mpnet_base_v2', 'return_metadata': 'source'}",0.2883307139078776,0.0634920634920634,0.6666666666666666,0.0333333333333333,False,20,huggingface_all_mpnet_base_v2,,,,,0.3333333333333333,0.3333333333333333,0.420619835714305,source,F1
8,retrieve_node_line,retrieval,2.parquet,VectorDB,"{'top_k': 20, 'embedding_model': 'huggingface_all_mpnet_base_v2', 'return_metadata': 'timestamp'}",0.2875239849090576,0.0634920634920634,0.6666666666666666,0.0333333333333333,False,20,huggingface_all_mpnet_base_v2,,,,,0.3333333333333333,0.3333333333333333,0.420619835714305,timestamp,F1
8,retrieve_node_line,retrieval,3.parquet,VectorDB,"{'top_k': 20, 'embedding_model': 'upstage_embed', 'return_metadata': 'content'}",0.3261926174163818,0.0634920634920634,0.6666666666666666,0.0333333333333333,False,20,upstage_embed,,,,,0.3333333333333333,0.3333333333333333,0.420619835714305,content,F1
8,retrieve_node_line,retrieval,4.parquet,VectorDB,"{'top_k': 20, 'embedding_model': 'upstage_embed', 'return_metadata': 'source'}",0.2640920480092366,0.0634920634920634,0.6666666666666666,0.0333333333333333,False,20,upstage_embed,,,,,0.3333333333333333,0.3333333333333333,0.420619835714305,source,F1
8,retrieve_node_line,retrieval,5.parquet,VectorDB,"{'top_k': 20, 'embedding_model': 'upstage_embed', 'return_metadata': 'timestamp'}",0.2898968855539958,0.0634920634920634,0.6666666666666666,0.0333333333333333,False,20,upstage_embed,,,,,0.3333333333333333,0.3333333333333333,0.420619835714305,timestamp,F1
8,retrieve_node_line,retrieval,6.parquet,VectorDB,"{'top_k': 20, 'embedding_model': 'cohere_embed', 'return_metadata': 'content'}",0.2607929706573486,0.0634920634920634,0.6666666666666666,0.0333333333333333,False,20,cohere_embed,,,,,0.3333333333333333,0.3333333333333333,0.420619835714305,content,F1
8,retrieve_node_line,retrieval,7.parquet,VectorDB,"{'top_k': 20, 'embedding_model': 'cohere_embed', 'return_metadata': 'source'}",0.2726570765177409,0.0634920634920634,0.6666666666666666,0.0333333333333333,False,20,cohere_embed,,,,,0.3333333333333333,0.3333333333333333,0.420619835714305,source,F1
8,retrieve_node_line,retrieval,8.parquet,VectorDB,"{'top_k': 20, 'embedding_model': 'cohere_embed', 'return_metadata': 'timestamp'}",0.2570865154266357,0.0634920634920634,0.6666666666666666,0.0333333333333333,False,20,cohere_embed,,,,,0.3333333333333333,0.3333333333333333,0.420619835714305,timestamp,F1
8,retrieve_node_line,retrieval,9.parquet,VectorDB,"{'top_k': 20, 'embedding_model': 'huggingface_bge_m3', 'return_metadata': 'content'}",0.3119020462036133,0.0634920634920634,0.6666666666666666,0.0333333333333333,False,20,huggingface_bge_m3,,,,,0.3333333333333333,0.3333333333333333,0.420619835714305,content,F1
8,retrieve_node_line,retrieval,10.parquet,VectorDB,"{'top_k': 20, 'embedding_model': 'huggingface_bge_m3', 'return_metadata': 'source'}",0.2895150184631347,0.0634920634920634,0.6666666666666666,0.0333333333333333,False,20,huggingface_bge_m3,,,,,0.3333333333333333,0.3333333333333333,0.420619835714305,source,F1
8,retrieve_node_line,retrieval,11.parquet,VectorDB,"{'top_k': 20, 'embedding_model': 'huggingface_bge_m3', 'return_metadata': 'timestamp'}",0.2810533046722412,0.0634920634920634,0.6666666666666666,0.0333333333333333,False,20,huggingface_bge_m3,,,,,0.3333333333333333,0.3333333333333333,0.420619835714305,timestamp,F1
8,retrieve_node_line,retrieval,12.parquet,VectorDB,"{'top_k': 20, 'embedding_model': 'huggingface_cointegrated_rubert_tiny2', 'return_metadata': 'content'}",0.334147850672404,0.0634920634920634,0.6666666666666666,0.0333333333333333,False,20,huggingface_cointegrated_rubert_tiny2,,,,,0.3333333333333333,0.3333333333333333,0.420619835714305,content,F1
8,retrieve_node_line,retrieval,13.parquet,VectorDB,"{'top_k': 20, 'embedding_model': 'huggingface_cointegrated_rubert_tiny2', 'return_metadata': 'source'}",0.272932767868042,0.0634920634920634,0.6666666666666666,0.0333333333333333,False,20,huggingface_cointegrated_rubert_tiny2,,,,,0.3333333333333333,0.3333333333333333,0.420619835714305,source,F1
8,retrieve_node_line,retrieval,14.parquet,VectorDB,"{'top_k': 20, 'embedding_model': 'huggingface_cointegrated_rubert_tiny2', 'return_metadata': 'timestamp'}",0.2774142424265544,0.0634920634920634,0.6666666666666666,0.0333333333333333,False,20,huggingface_cointegrated_rubert_tiny2,,,,,0.3333333333333333,0.3333333333333333,0.420619835714305,timestamp,F1
8,retrieve_node_line,retrieval,15.parquet,VectorDB,"{'top_k': 20, 'embedding_model': 'huggingface_baai_bge_small', 'return_metadata': 'content'}",0.3111639022827148,0.0634920634920634,0.6666666666666666,0.0333333333333333,False,20,huggingface_baai_bge_small,,,,,0.3333333333333333,0.3333333333333333,0.420619835714305,content,F1
8,retrieve_node_line,retrieval,16.parquet,VectorDB,"{'top_k': 20, 'embedding_model': 'huggingface_baai_bge_small', 'return_metadata': 'source'}",1.315412123998006,0.0634920634920634,0.6666666666666666,0.0333333333333333,False,20,huggingface_baai_bge_small,,,,,0.3333333333333333,0.3333333333333333,0.420619835714305,source,F1
8,retrieve_node_line,retrieval,17.parquet,VectorDB,"{'top_k': 20, 'embedding_model': 'huggingface_baai_bge_small', 'return_metadata': 'timestamp'}",0.3844370047251383,0.0634920634920634,0.6666666666666666,0.0333333333333333,False,20,huggingface_baai_bge_small,,,,,0.3333333333333333,0.3333333333333333,0.420619835714305,timestamp,F1
8,retrieve_node_line,retrieval,18.parquet,VectorDB,"{'top_k': 20, 'embedding_model': {'type': 'huggingface', 'model_name': 'colbert-ir/colbertv2.0'}, 'return_metadata': 'content'}",1.667733669281006,0.0634920634920634,0.6666666666666666,0.0333333333333333,False,20,"{'type': 'huggingface', 'model_name': 'colbert-ir/colbertv2.0'}",,,,,0.3333333333333333,0.3333333333333333,0.420619835714305,content,F1
8,retrieve_node_line,retrieval,19.parquet,VectorDB,"{'top_k': 20, 'embedding_model': {'type': 'huggingface', 'model_name': 'colbert-ir/colbertv2.0'}, 'return_metadata': 'source'}",0.360007365544637,0.0634920634920634,0.6666666666666666,0.0333333333333333,False,20,"{'type': 'huggingface', 'model_name': 'colbert-ir/colbertv2.0'}",,,,,0.3333333333333333,0.3333333333333333,0.420619835714305,source,F1
8,retrieve_node_line,retrieval,20.parquet,VectorDB,"{'top_k': 20, 'embedding_model': {'type': 'huggingface', 'model_name': 'colbert-ir/colbertv2.0'}, 'return_metadata': 'timestamp'}",0.4641960461934407,0.0634920634920634,0.6666666666666666,0.0333333333333333,False,20,"{'type': 'huggingface', 'model_name': 'colbert-ir/colbertv2.0'}",,,,,0.3333333333333333,0.3333333333333333,0.420619835714305,timestamp,F1
8,retrieve_node_line,retrieval,21.parquet,VectorDB,"{'top_k': 20, 'embedding_model': {'type': 'huggingface', 'model_name': 'intfloat/e5-large-v2'}, 'return_metadata': 'content'}",0.2728602886199951,0.0634920634920634,0.6666666666666666,0.0333333333333333,False,20,"{'type': 'huggingface', 'model_name': 'intfloat/e5-large-v2'}",,,,,0.3333333333333333,0.3333333333333333,0.420619835714305,content,F1
8,retrieve_node_line,retrieval,22.parquet,VectorDB,"{'top_k': 20, 'embedding_model': {'type': 'huggingface', 'model_name': 'intfloat/e5-large-v2'}, 'return_metadata': 'source'}",0.2654469013214111,0.0634920634920634,0.6666666666666666,0.0333333333333333,False,20,"{'type': 'huggingface', 'model_name': 'intfloat/e5-large-v2'}",,,,,0.3333333333333333,0.3333333333333333,0.420619835714305,source,F1
8,retrieve_node_line,retrieval,23.parquet,VectorDB,"{'top_k': 20, 'embedding_model': {'type': 'huggingface', 'model_name': 'intfloat/e5-large-v2'}, 'return_metadata': 'timestamp'}",0.3091745376586914,0.0634920634920634,0.6666666666666666,0.0333333333333333,False,20,"{'type': 'huggingface', 'model_name': 'intfloat/e5-large-v2'}",,,,,0.3333333333333333,0.3333333333333333,0.420619835714305,timestamp,F1
8,retrieve_node_line,retrieval,24.parquet,VectorDB,"{'top_k': 20, 'embedding_model': {'type': 'huggingface', 'model_name': 'Salesforce/SFR-Embedding-2_R'}, 'return_metadata': 'content'}",0.2745486895243327,0.0634920634920634,0.6666666666666666,0.0333333333333333,False,20,"{'type': 'huggingface', 'model_name': 'Salesforce/SFR-Embedding-2_R'}",,,,,0.3333333333333333,0.3333333333333333,0.420619835714305,content,F1
8,retrieve_node_line,retrieval,25.parquet,VectorDB,"{'top_k': 20, 'embedding_model': {'type': 'huggingface', 'model_name': 'Salesforce/SFR-Embedding-2_R'}, 'return_metadata': 'source'}",0.3660487333933512,0.0634920634920634,0.6666666666666666,0.0333333333333333,False,20,"{'type': 'huggingface', 'model_name': 'Salesforce/SFR-Embedding-2_R'}",,,,,0.3333333333333333,0.3333333333333333,0.420619835714305,source,F1
8,retrieve_node_line,retrieval,26.parquet,VectorDB,"{'top_k': 20, 'embedding_model': {'type': 'huggingface', 'model_name': 'Salesforce/SFR-Embedding-2_R'}, 'return_metadata': 'timestamp'}",0.2762791315714518,0.0634920634920634,0.6666666666666666,0.0333333333333333,False,20,"{'type': 'huggingface', 'model_name': 'Salesforce/SFR-Embedding-2_R'}",,,,,0.3333333333333333,0.3333333333333333,0.420619835714305,timestamp,F1
8,retrieve_node_line,retrieval,27.parquet,VectorDB,"{'top_k': 20, 'embedding_model': {'type': 'huggingface', 'model_name': 'Alibaba-NLP/gte-Qwen2-7B-instruct'}, 'return_metadata': 'content'}",0.3176657358805339,0.0634920634920634,0.6666666666666666,0.0333333333333333,False,20,"{'type': 'huggingface', 'model_name': 'Alibaba-NLP/gte-Qwen2-7B-instruct'}",,,,,0.3333333333333333,0.3333333333333333,0.420619835714305,content,F1
8,retrieve_node_line,retrieval,28.parquet,VectorDB,"{'top_k': 20, 'embedding_model': {'type': 'huggingface', 'model_name': 'Alibaba-NLP/gte-Qwen2-7B-instruct'}, 'return_metadata': 'source'}",0.2413840293884277,0.0634920634920634,0.6666666666666666,0.0333333333333333,False,20,"{'type': 'huggingface', 'model_name': 'Alibaba-NLP/gte-Qwen2-7B-instruct'}",,,,,0.3333333333333333,0.3333333333333333,0.420619835714305,source,F1
8,retrieve_node_line,retrieval,29.parquet,VectorDB,"{'top_k': 20, 'embedding_model': {'type': 'huggingface', 'model_name': 'Alibaba-NLP/gte-Qwen2-7B-instruct'}, 'return_metadata': 'timestamp'}",0.2677296002705892,0.0634920634920634,0.6666666666666666,0.0333333333333333,False,20,"{'type': 'huggingface', 'model_name': 'Alibaba-NLP/gte-Qwen2-7B-instruct'}",,,,,0.3333333333333333,0.3333333333333333,0.420619835714305,timestamp,F1
8,retrieve_node_line,retrieval,30.parquet,BM25,{'top_k': 20},0.0794920921325683,0.0634920634920634,0.6666666666666666,0.0333333333333333,True,20,,,,,,0.5,0.5,0.5436432511904858,,F1
8,retrieve_node_line,retrieval,31.parquet,HybridRRF,"{'top_k': 20, 'target_modules': ('VectorDB', 'BM25'), 'rrf_k': 10, 'weight': 4.0, 'target_module_params': ({'top_k': 20, 'embedding_model': 'huggingface_all_mpnet_base_v2', 'return_metadata': 'content'}, {'top_k': 20})}",1.4231051603953044,0.0634920634920634,0.6666666666666666,0.0333333333333333,False,20,huggingface_all_mpnet_base_v2,"('VectorDB', 'BM25')",10.0,4.0,,0.5,0.5,0.5436432511904858,,F1
8,retrieve_node_line,retrieval,32.parquet,HybridRRF,"{'top_k': 20, 'target_modules': ('VectorDB', 'BM25'), 'rrf_k': 3, 'weight': 4.0, 'target_module_params': ({'top_k': 20, 'embedding_model': 'huggingface_all_mpnet_base_v2', 'return_metadata': 'content'}, {'top_k': 20})}",1.4231051603953044,0.0634920634920634,0.6666666666666666,0.0333333333333333,False,20,huggingface_all_mpnet_base_v2,"('VectorDB', 'BM25')",3.0,4.0,,0.5,0.5,0.5436432511904858,,F1
8,retrieve_node_line,retrieval,33.parquet,HybridRRF,"{'top_k': 20, 'target_modules': ('VectorDB', 'BM25'), 'rrf_k': 5, 'weight': 4.0, 'target_module_params': ({'top_k': 20, 'embedding_model': 'huggingface_all_mpnet_base_v2', 'return_metadata': 'content'}, {'top_k': 20})}",1.4231051603953044,0.0634920634920634,0.6666666666666666,0.0333333333333333,False,20,huggingface_all_mpnet_base_v2,"('VectorDB', 'BM25')",5.0,4.0,,0.5,0.5,0.5436432511904858,,F1
8,retrieve_node_line,retrieval,34.parquet,HybridCC,"{'top_k': 20, 'target_modules': ('VectorDB', 'BM25'), 'weights': (0.5, 0.5), 'weight': 0.0, 'target_module_params': ({'top_k': 20, 'embedding_model': 'huggingface_all_mpnet_base_v2', 'return_metadata': 'content'}, {'top_k': 20})}",1.4231051603953044,0.0634920634920634,0.6666666666666666,0.0333333333333333,False,20,huggingface_all_mpnet_base_v2,"('VectorDB', 'BM25')",,0.0,"(0.5, 0.5)",0.5,0.5,0.5436432511904858,,F1
8,retrieve_node_line,retrieval,35.parquet,HybridCC,"{'top_k': 20, 'target_modules': ('VectorDB', 'BM25'), 'weights': (0.7, 0.3), 'weight': 0.0, 'target_module_params': ({'top_k': 20, 'embedding_model': 'huggingface_all_mpnet_base_v2', 'return_metadata': 'content'}, {'top_k': 20})}",1.4231051603953044,0.0634920634920634,0.6666666666666666,0.0333333333333333,False,20,huggingface_all_mpnet_base_v2,"('VectorDB', 'BM25')",,0.0,"(0.7, 0.3)",0.5,0.5,0.5436432511904858,,F1
8,retrieve_node_line,retrieval,36.parquet,HybridCC,"{'top_k': 20, 'target_modules': ('VectorDB', 'BM25'), 'weights': (0.3, 0.7), 'weight': 0.0, 'target_module_params': ({'top_k': 20, 'embedding_model': 'huggingface_all_mpnet_base_v2', 'return_metadata': 'content'}, {'top_k': 20})}",1.4231051603953044,0.0634920634920634,0.6666666666666666,0.0333333333333333,False,20,huggingface_all_mpnet_base_v2,"('VectorDB', 'BM25')",,0.0,"(0.3, 0.7)",0.5,0.5,0.5436432511904858,,F1
9,retrieve_node_line,retrieval,0.parquet,VectorDB,"{'top_k': 20, 'embedding_model': 'huggingface_all_mpnet_base_v2', 'return_metadata': 'source'}",0.1441826820373535,0.0634920634920634,0.6666666666666666,0.0333333333333333,False,20,huggingface_all_mpnet_base_v2,,,,,0.3333333333333333,0.3333333333333333,0.420619835714305,source,F1
9,retrieve_node_line,retrieval,1.parquet,VectorDB,"{'top_k': 20, 'embedding_model': 'huggingface_all_mpnet_base_v2', 'return_metadata': 'content'}",0.2941017150878906,0.0634920634920634,0.6666666666666666,0.0333333333333333,False,20,huggingface_all_mpnet_base_v2,,,,,0.3333333333333333,0.3333333333333333,0.420619835714305,content,F1
9,retrieve_node_line,retrieval,2.parquet,VectorDB,"{'top_k': 20, 'embedding_model': 'huggingface_all_mpnet_base_v2', 'return_metadata': 'timestamp'}",0.2582827409108479,0.0634920634920634,0.6666666666666666,0.0333333333333333,False,20,huggingface_all_mpnet_base_v2,,,,,0.3333333333333333,0.3333333333333333,0.420619835714305,timestamp,F1
9,retrieve_node_line,retrieval,3.parquet,VectorDB,"{'top_k': 20, 'embedding_model': 'upstage_embed', 'return_metadata': 'source'}",0.2882041136423747,0.0634920634920634,0.6666666666666666,0.0333333333333333,False,20,upstage_embed,,,,,0.3333333333333333,0.3333333333333333,0.420619835714305,source,F1
9,retrieve_node_line,retrieval,4.parquet,VectorDB,"{'top_k': 20, 'embedding_model': 'upstage_embed', 'return_metadata': 'content'}",0.2984704971313476,0.0634920634920634,0.6666666666666666,0.0333333333333333,False,20,upstage_embed,,,,,0.3333333333333333,0.3333333333333333,0.420619835714305,content,F1
9,retrieve_node_line,retrieval,5.parquet,VectorDB,"{'top_k': 20, 'embedding_model': 'upstage_embed', 'return_metadata': 'timestamp'}",0.2812864780426025,0.0634920634920634,0.6666666666666666,0.0333333333333333,False,20,upstage_embed,,,,,0.3333333333333333,0.3333333333333333,0.420619835714305,timestamp,F1
9,retrieve_node_line,retrieval,6.parquet,VectorDB,"{'top_k': 20, 'embedding_model': 'cohere_embed', 'return_metadata': 'source'}",0.2681974569956462,0.0634920634920634,0.6666666666666666,0.0333333333333333,False,20,cohere_embed,,,,,0.3333333333333333,0.3333333333333333,0.420619835714305,source,F1
9,retrieve_node_line,retrieval,7.parquet,VectorDB,"{'top_k': 20, 'embedding_model': 'cohere_embed', 'return_metadata': 'content'}",0.396821657816569,0.0634920634920634,0.6666666666666666,0.0333333333333333,False,20,cohere_embed,,,,,0.3333333333333333,0.3333333333333333,0.420619835714305,content,F1
9,retrieve_node_line,retrieval,8.parquet,VectorDB,"{'top_k': 20, 'embedding_model': 'cohere_embed', 'return_metadata': 'timestamp'}",0.3087708155314128,0.0634920634920634,0.6666666666666666,0.0333333333333333,False,20,cohere_embed,,,,,0.3333333333333333,0.3333333333333333,0.420619835714305,timestamp,F1
9,retrieve_node_line,retrieval,9.parquet,VectorDB,"{'top_k': 20, 'embedding_model': 'huggingface_bge_m3', 'return_metadata': 'source'}",0.2802416483561198,0.0634920634920634,0.6666666666666666,0.0333333333333333,False,20,huggingface_bge_m3,,,,,0.3333333333333333,0.3333333333333333,0.420619835714305,source,F1
9,retrieve_node_line,retrieval,10.parquet,VectorDB,"{'top_k': 20, 'embedding_model': 'huggingface_bge_m3', 'return_metadata': 'content'}",0.2861266136169433,0.0634920634920634,0.6666666666666666,0.0333333333333333,False,20,huggingface_bge_m3,,,,,0.3333333333333333,0.3333333333333333,0.420619835714305,content,F1
9,retrieve_node_line,retrieval,11.parquet,VectorDB,"{'top_k': 20, 'embedding_model': 'huggingface_bge_m3', 'return_metadata': 'timestamp'}",0.2731458346048991,0.0634920634920634,0.6666666666666666,0.0333333333333333,False,20,huggingface_bge_m3,,,,,0.3333333333333333,0.3333333333333333,0.420619835714305,timestamp,F1
9,retrieve_node_line,retrieval,12.parquet,VectorDB,"{'top_k': 20, 'embedding_model': 'huggingface_cointegrated_rubert_tiny2', 'return_metadata': 'source'}",0.2715145746866862,0.0634920634920634,0.6666666666666666,0.0333333333333333,False,20,huggingface_cointegrated_rubert_tiny2,,,,,0.3333333333333333,0.3333333333333333,0.420619835714305,source,F1
9,retrieve_node_line,retrieval,13.parquet,VectorDB,"{'top_k': 20, 'embedding_model': 'huggingface_cointegrated_rubert_tiny2', 'return_metadata': 'content'}",0.2488806247711181,0.0634920634920634,0.6666666666666666,0.0333333333333333,False,20,huggingface_cointegrated_rubert_tiny2,,,,,0.3333333333333333,0.3333333333333333,0.420619835714305,content,F1
9,retrieve_node_line,retrieval,14.parquet,VectorDB,"{'top_k': 20, 'embedding_model': 'huggingface_cointegrated_rubert_tiny2', 'return_metadata': 'timestamp'}",0.2789603074391683,0.0634920634920634,0.6666666666666666,0.0333333333333333,False,20,huggingface_cointegrated_rubert_tiny2,,,,,0.3333333333333333,0.3333333333333333,0.420619835714305,timestamp,F1
9,retrieve_node_line,retrieval,15.parquet,VectorDB,"{'top_k': 20, 'embedding_model': 'huggingface_baai_bge_small', 'return_metadata': 'source'}",0.2759348551432292,0.0634920634920634,0.6666666666666666,0.0333333333333333,False,20,huggingface_baai_bge_small,,,,,0.3333333333333333,0.3333333333333333,0.420619835714305,source,F1
9,retrieve_node_line,retrieval,16.parquet,VectorDB,"{'top_k': 20, 'embedding_model': 'huggingface_baai_bge_small', 'return_metadata': 'content'}",0.2888296445210774,0.0634920634920634,0.6666666666666666,0.0333333333333333,False,20,huggingface_baai_bge_small,,,,,0.3333333333333333,0.3333333333333333,0.420619835714305,content,F1
9,retrieve_node_line,retrieval,17.parquet,VectorDB,"{'top_k': 20, 'embedding_model': 'huggingface_baai_bge_small', 'return_metadata': 'timestamp'}",1.4676001866658528,0.0634920634920634,0.6666666666666666,0.0333333333333333,False,20,huggingface_baai_bge_small,,,,,0.3333333333333333,0.3333333333333333,0.420619835714305,timestamp,F1
9,retrieve_node_line,retrieval,18.parquet,VectorDB,"{'top_k': 20, 'embedding_model': {'type': 'huggingface', 'model_name': 'colbert-ir/colbertv2.0'}, 'return_metadata': 'source'}",0.3459359010060628,0.0634920634920634,0.6666666666666666,0.0333333333333333,False,20,"{'type': 'huggingface', 'model_name': 'colbert-ir/colbertv2.0'}",,,,,0.3333333333333333,0.3333333333333333,0.420619835714305,source,F1
9,retrieve_node_line,retrieval,19.parquet,VectorDB,"{'top_k': 20, 'embedding_model': {'type': 'huggingface', 'model_name': 'colbert-ir/colbertv2.0'}, 'return_metadata': 'content'}",0.2772273222605387,0.0634920634920634,0.6666666666666666,0.0333333333333333,False,20,"{'type': 'huggingface', 'model_name': 'colbert-ir/colbertv2.0'}",,,,,0.3333333333333333,0.3333333333333333,0.420619835714305,content,F1
9,retrieve_node_line,retrieval,20.parquet,VectorDB,"{'top_k': 20, 'embedding_model': {'type': 'huggingface', 'model_name': 'colbert-ir/colbertv2.0'}, 'return_metadata': 'timestamp'}",0.3180947303771972,0.0634920634920634,0.6666666666666666,0.0333333333333333,False,20,"{'type': 'huggingface', 'model_name': 'colbert-ir/colbertv2.0'}",,,,,0.3333333333333333,0.3333333333333333,0.420619835714305,timestamp,F1
9,retrieve_node_line,retrieval,21.parquet,VectorDB,"{'top_k': 20, 'embedding_model': {'type': 'huggingface', 'model_name': 'intfloat/e5-large-v2'}, 'return_metadata': 'source'}",0.2537215550740559,0.0634920634920634,0.6666666666666666,0.0333333333333333,False,20,"{'type': 'huggingface', 'model_name': 'intfloat/e5-large-v2'}",,,,,0.3333333333333333,0.3333333333333333,0.420619835714305,source,F1
9,retrieve_node_line,retrieval,22.parquet,VectorDB,"{'top_k': 20, 'embedding_model': {'type': 'huggingface', 'model_name': 'intfloat/e5-large-v2'}, 'return_metadata': 'content'}",0.305975596110026,0.0634920634920634,0.6666666666666666,0.0333333333333333,False,20,"{'type': 'huggingface', 'model_name': 'intfloat/e5-large-v2'}",,,,,0.3333333333333333,0.3333333333333333,0.420619835714305,content,F1
9,retrieve_node_line,retrieval,23.parquet,VectorDB,"{'top_k': 20, 'embedding_model': {'type': 'huggingface', 'model_name': 'intfloat/e5-large-v2'}, 'return_metadata': 'timestamp'}",0.3685414791107178,0.0634920634920634,0.6666666666666666,0.0333333333333333,False,20,"{'type': 'huggingface', 'model_name': 'intfloat/e5-large-v2'}",,,,,0.3333333333333333,0.3333333333333333,0.420619835714305,timestamp,F1
9,retrieve_node_line,retrieval,24.parquet,VectorDB,"{'top_k': 20, 'embedding_model': {'type': 'huggingface', 'model_name': 'Salesforce/SFR-Embedding-2_R'}, 'return_metadata': 'source'}",0.3810133934020996,0.0634920634920634,0.6666666666666666,0.0333333333333333,False,20,"{'type': 'huggingface', 'model_name': 'Salesforce/SFR-Embedding-2_R'}",,,,,0.3333333333333333,0.3333333333333333,0.420619835714305,source,F1
9,retrieve_node_line,retrieval,25.parquet,VectorDB,"{'top_k': 20, 'embedding_model': {'type': 'huggingface', 'model_name': 'Salesforce/SFR-Embedding-2_R'}, 'return_metadata': 'content'}",0.2962802251180013,0.0634920634920634,0.6666666666666666,0.0333333333333333,False,20,"{'type': 'huggingface', 'model_name': 'Salesforce/SFR-Embedding-2_R'}",,,,,0.3333333333333333,0.3333333333333333,0.420619835714305,content,F1
9,retrieve_node_line,retrieval,26.parquet,VectorDB,"{'top_k': 20, 'embedding_model': {'type': 'huggingface', 'model_name': 'Salesforce/SFR-Embedding-2_R'}, 'return_metadata': 'timestamp'}",0.2878537972768147,0.0634920634920634,0.6666666666666666,0.0333333333333333,False,20,"{'type': 'huggingface', 'model_name': 'Salesforce/SFR-Embedding-2_R'}",,,,,0.3333333333333333,0.3333333333333333,0.420619835714305,timestamp,F1
9,retrieve_node_line,retrieval,27.parquet,VectorDB,"{'top_k': 20, 'embedding_model': {'type': 'huggingface', 'model_name': 'Alibaba-NLP/gte-Qwen2-7B-instruct'}, 'return_metadata': 'source'}",0.2793205579121907,0.0634920634920634,0.6666666666666666,0.0333333333333333,False,20,"{'type': 'huggingface', 'model_name': 'Alibaba-NLP/gte-Qwen2-7B-instruct'}",,,,,0.3333333333333333,0.3333333333333333,0.420619835714305,source,F1
9,retrieve_node_line,retrieval,28.parquet,VectorDB,"{'top_k': 20, 'embedding_model': {'type': 'huggingface', 'model_name': 'Alibaba-NLP/gte-Qwen2-7B-instruct'}, 'return_metadata': 'content'}",0.3215380509694417,0.0634920634920634,0.6666666666666666,0.0333333333333333,False,20,"{'type': 'huggingface', 'model_name': 'Alibaba-NLP/gte-Qwen2-7B-instruct'}",,,,,0.3333333333333333,0.3333333333333333,0.420619835714305,content,F1
9,retrieve_node_line,retrieval,29.parquet,VectorDB,"{'top_k': 20, 'embedding_model': {'type': 'huggingface', 'model_name': 'Alibaba-NLP/gte-Qwen2-7B-instruct'}, 'return_metadata': 'timestamp'}",0.3438154061635335,0.0634920634920634,0.6666666666666666,0.0333333333333333,False,20,"{'type': 'huggingface', 'model_name': 'Alibaba-NLP/gte-Qwen2-7B-instruct'}",,,,,0.3333333333333333,0.3333333333333333,0.420619835714305,timestamp,F1
9,retrieve_node_line,retrieval,30.parquet,BM25,{'top_k': 20},0.0840443770090739,0.0634920634920634,0.6666666666666666,0.0333333333333333,False,20,,,,,,0.5,0.5,0.5436432511904858,,F1
9,retrieve_node_line,retrieval,31.parquet,HybridRRF,"{'top_k': 20, 'target_modules': ('VectorDB', 'BM25'), 'rrf_k': 10, 'weight': 4.0, 'target_module_params': ({'top_k': 20, 'embedding_model': 'huggingface_all_mpnet_base_v2', 'return_metadata': 'source'}, {'top_k': 20})}",0.2282270590464274,0.0634920634920634,0.6666666666666666,0.0333333333333333,False,20,huggingface_all_mpnet_base_v2,"('VectorDB', 'BM25')",10.0,4.0,,0.5,0.5,0.5436432511904858,,F1
9,retrieve_node_line,retrieval,32.parquet,HybridRRF,"{'top_k': 20, 'target_modules': ('VectorDB', 'BM25'), 'rrf_k': 3, 'weight': 4.0, 'target_module_params': ({'top_k': 20, 'embedding_model': 'huggingface_all_mpnet_base_v2', 'return_metadata': 'source'}, {'top_k': 20})}",0.2282270590464274,0.0634920634920634,0.6666666666666666,0.0333333333333333,False,20,huggingface_all_mpnet_base_v2,"('VectorDB', 'BM25')",3.0,4.0,,0.5,0.5,0.5436432511904858,,F1
9,retrieve_node_line,retrieval,33.parquet,HybridRRF,"{'top_k': 20, 'target_modules': ('VectorDB', 'BM25'), 'rrf_k': 5, 'weight': 4.0, 'target_module_params': ({'top_k': 20, 'embedding_model': 'huggingface_all_mpnet_base_v2', 'return_metadata': 'source'}, {'top_k': 20})}",0.2282270590464274,0.0634920634920634,0.6666666666666666,0.0333333333333333,False,20,huggingface_all_mpnet_base_v2,"('VectorDB', 'BM25')",5.0,4.0,,0.5,0.5,0.5436432511904858,,F1
9,retrieve_node_line,retrieval,34.parquet,HybridCC,"{'top_k': 20, 'target_modules': ('VectorDB', 'BM25'), 'weights': (0.5, 0.5), 'weight': 0.07, 'target_module_params': ({'top_k': 20, 'embedding_model': 'huggingface_all_mpnet_base_v2', 'return_metadata': 'source'}, {'top_k': 20})}",0.2282270590464274,0.0634920634920634,0.6666666666666666,0.0333333333333333,True,20,huggingface_all_mpnet_base_v2,"('VectorDB', 'BM25')",,0.07,"(0.5, 0.5)",0.6666666666666666,0.6666666666666666,0.6666666666666666,,F1
9,retrieve_node_line,retrieval,35.parquet,HybridCC,"{'top_k': 20, 'target_modules': ('VectorDB', 'BM25'), 'weights': (0.7, 0.3), 'weight': 0.07, 'target_module_params': ({'top_k': 20, 'embedding_model': 'huggingface_all_mpnet_base_v2', 'return_metadata': 'source'}, {'top_k': 20})}",0.2282270590464274,0.0634920634920634,0.6666666666666666,0.0333333333333333,False,20,huggingface_all_mpnet_base_v2,"('VectorDB', 'BM25')",,0.07,"(0.7, 0.3)",0.6666666666666666,0.6666666666666666,0.6666666666666666,,F1
9,retrieve_node_line,retrieval,36.parquet,HybridCC,"{'top_k': 20, 'target_modules': ('VectorDB', 'BM25'), 'weights': (0.3, 0.7), 'weight': 0.07, 'target_module_params': ({'top_k': 20, 'embedding_model': 'huggingface_all_mpnet_base_v2', 'return_metadata': 'source'}, {'top_k': 20})}",0.2282270590464274,0.0634920634920634,0.6666666666666666,0.0333333333333333,False,20,huggingface_all_mpnet_base_v2,"('VectorDB', 'BM25')",,0.07,"(0.3, 0.7)",0.6666666666666666,0.6666666666666666,0.6666666666666666,,F1
